x,y,raw,cumulative,logistic
261767.22331753,4830102.5305323,5.82072E-4,100,0.5
261767.22331753,4829602.5305323,5.82072E-4,100,0.5
261767.22331753,4829102.5305323,5.82072E-4,100,0.5
262267.22331753,4829102.5305323,5.82072E-4,100,0.5
262767.22331753,4829102.5305323,5.82072E-4,100,0.5
262267.22331753,4828602.5305323,5.82072E-4,100,0.5
262767.22331753,4828602.5305323,5.82072E-4,100,0.5
263267.22331753,4828102.5305323,5.82072E-4,100,0.5
263767.22331753,4828102.5305323,5.82072E-4,100,0.5
264267.22331753,4828102.5305323,5.82072E-4,100,0.5
264767.22331753,4828102.5305323,5.82072E-4,100,0.5
265767.22331753,4828102.5305323,5.82072E-4,100,0.5
266267.22331753,4828102.5305323,5.82072E-4,100,0.5
266767.22331753,4827602.5305323,5.82072E-4,100,0.5
267767.22331753,4827102.5305323,5.82072E-4,100,0.5
267767.22331753,4826602.5305323,5.82072E-4,100,0.5
268267.22331753,4826602.5305323,5.82072E-4,100,0.5
267767.22331753,4826102.5305323,5.82072E-4,100,0.5
268267.22331753,4826102.5305323,5.82072E-4,100,0.5
268267.22331753,4825602.5305323,5.82072E-4,100,0.5
267267.22331753,4825102.5305323,5.82072E-4,100,0.5
267767.22331753,4825102.5305323,5.82072E-4,100,0.5
268267.22331753,4825102.5305323,5.82072E-4,100,0.5
267767.22331753,4824602.5305323,5.82072E-4,100,0.5
268267.22331753,4824602.5305323,5.82072E-4,100,0.5
268767.22331753,4824602.5305323,5.82072E-4,100,0.5
268267.22331753,4824102.5305323,5.82072E-4,100,0.5
268767.22331753,4824102.5305323,5.82072E-4,100,0.5
269267.22331753,4824102.5305323,5.82072E-4,100,0.5
269767.22331753,4824102.5305323,5.82072E-4,100,0.5
270267.22331753,4824102.5305323,5.82072E-4,100,0.5
269267.22331753,4823602.5305323,5.82072E-4,100,0.5
269767.22331753,4823602.5305323,5.82072E-4,100,0.5
270267.22331753,4823602.5305323,5.82072E-4,100,0.5
270767.22331753,4823602.5305323,5.82072E-4,100,0.5
269767.22331753,4823102.5305323,5.82072E-4,100,0.5
270267.22331753,4823102.5305323,5.82072E-4,100,0.5
270767.22331753,4823102.5305323,5.82072E-4,100,0.5
271267.22331753,4823102.5305323,5.82072E-4,100,0.5
269767.22331753,4822602.5305323,5.82072E-4,100,0.5
270267.22331753,4822602.5305323,5.82072E-4,100,0.5
270767.22331753,4822602.5305323,5.82072E-4,100,0.5
271267.22331753,4822602.5305323,5.82072E-4,100,0.5
270267.22331753,4822102.5305323,5.82072E-4,100,0.5
270767.22331753,4822102.5305323,5.82072E-4,100,0.5
271267.22331753,4822102.5305323,5.82072E-4,100,0.5
271767.22331753,4822102.5305323,5.82072E-4,100,0.5
270267.22331753,4821602.5305323,5.82072E-4,100,0.5
270767.22331753,4821602.5305323,5.82072E-4,100,0.5
271267.22331753,4821602.5305323,5.82072E-4,100,0.5
271767.22331753,4821602.5305323,5.82072E-4,100,0.5
270267.22331753,4821102.5305323,5.82072E-4,100,0.5
270767.22331753,4821102.5305323,5.82072E-4,100,0.5
271267.22331753,4821102.5305323,5.82072E-4,100,0.5
271767.22331753,4821102.5305323,5.82072E-4,100,0.5
269767.22331753,4820602.5305323,5.82072E-4,100,0.5
270267.22331753,4820602.5305323,5.82072E-4,100,0.5
270767.22331753,4820602.5305323,5.82072E-4,100,0.5
271267.22331753,4820602.5305323,5.82072E-4,100,0.5
271767.22331753,4820602.5305323,5.82072E-4,100,0.5
270267.22331753,4820102.5305323,5.82072E-4,100,0.5
270767.22331753,4820102.5305323,5.82072E-4,100,0.5
271267.22331753,4820102.5305323,5.82072E-4,100,0.5
271767.22331753,4820102.5305323,5.82072E-4,100,0.5
272267.22331753,4820102.5305323,5.82072E-4,100,0.5
271267.22331753,4819602.5305323,5.82072E-4,100,0.5
271767.22331753,4819602.5305323,5.82072E-4,100,0.5
272267.22331753,4819602.5305323,5.82072E-4,100,0.5
272267.22331753,4819102.5305323,5.82072E-4,100,0.5
272767.22331753,4819102.5305323,5.82072E-4,100,0.5
272267.22331753,4818602.5305323,5.82072E-4,100,0.5
272767.22331753,4818602.5305323,5.82072E-4,100,0.5
273267.22331753,4818602.5305323,5.82072E-4,100,0.5
273767.22331753,4818602.5305323,5.82072E-4,100,0.5
272767.22331753,4818102.5305323,5.82072E-4,100,0.5
273267.22331753,4818102.5305323,5.82072E-4,100,0.5
273767.22331753,4818102.5305323,5.82072E-4,100,0.5
274267.22331753,4818102.5305323,5.82072E-4,100,0.5
274267.22331753,4817602.5305323,5.82072E-4,100,0.5
274767.22331753,4817602.5305323,5.82072E-4,100,0.5
275267.22331753,4817102.5305323,5.82072E-4,100,0.5
275267.22331753,4816602.5305323,5.82072E-4,100,0.5
275767.22331753,4816102.5305323,5.82072E-4,100,0.5
275767.22331753,4815602.5305323,5.82072E-4,100,0.5
276267.22331753,4815102.5305323,5.82072E-4,100,0.5
276767.22331753,4814602.5305323,5.82072E-4,100,0.5
276767.22331753,4812602.5305323,5.82072E-4,100,0.5
277267.22331753,4812602.5305323,5.82072E-4,100,0.5
276267.22331753,4812102.5305323,5.82072E-4,100,0.5
276267.22331753,4811602.5305323,5.82072E-4,100,0.5
276267.22331753,4811102.5305323,5.82072E-4,100,0.5
276767.22331753,4811102.5305323,5.82072E-4,100,0.5
276767.22331753,4810602.5305323,5.82072E-4,100,0.5
276767.22331753,4810102.5305323,5.82072E-4,100,0.5
276267.22331753,4809602.5305323,5.82072E-4,100,0.5
276767.22331753,4809602.5305323,5.82072E-4,100,0.5
276767.22331753,4809102.5305323,5.82072E-4,100,0.5
276767.22331753,4808602.5305323,5.82072E-4,100,0.5
277267.22331753,4808602.5305323,5.82072E-4,100,0.5
276767.22331753,4808102.5305323,5.82072E-4,100,0.5
276767.22331753,4807602.5305323,5.82072E-4,100,0.5
276767.22331753,4807102.5305323,5.82072E-4,100,0.5
276767.22331753,4806602.5305323,5.82072E-4,100,0.5
276767.22331753,4806102.5305323,5.82072E-4,100,0.5
276767.22331753,4805602.5305323,5.82072E-4,100,0.5
276767.22331753,4805102.5305323,5.82072E-4,100,0.5
276767.22331753,4804602.5305323,5.82072E-4,100,0.5
277267.22331753,4804602.5305323,5.82072E-4,100,0.5
277767.22331753,4804602.5305323,5.82072E-4,100,0.5
278267.22331753,4804602.5305323,5.82072E-4,100,0.5
276267.22331753,4804102.5305323,5.82072E-4,100,0.5
276767.22331753,4804102.5305323,5.82072E-4,100,0.5
277267.22331753,4804102.5305323,5.82072E-4,100,0.5
277767.22331753,4804102.5305323,5.82072E-4,100,0.5
278267.22331753,4804102.5305323,5.82072E-4,100,0.5
278767.22331753,4804102.5305323,5.82072E-4,100,0.5
277767.22331753,4803602.5305323,5.82072E-4,100,0.5
278267.22331753,4803602.5305323,5.82072E-4,100,0.5
278767.22331753,4803602.5305323,5.82072E-4,100,0.5
279267.22331753,4803602.5305323,5.82072E-4,100,0.5
279267.22331753,4803102.5305323,5.82072E-4,100,0.5
279767.22331753,4803102.5305323,5.82072E-4,100,0.5
281767.22331753,4802602.5305323,5.82072E-4,100,0.5
281767.22331753,4802102.5305323,5.82072E-4,100,0.5
281767.22331753,4801602.5305323,5.82072E-4,100,0.5
281767.22331753,4801102.5305323,5.82072E-4,100,0.5
282267.22331753,4801102.5305323,5.82072E-4,100,0.5
281267.22331753,4800602.5305323,5.82072E-4,100,0.5
281767.22331753,4800602.5305323,5.82072E-4,100,0.5
281267.22331753,4800102.5305323,5.82072E-4,100,0.5
281767.22331753,4800102.5305323,5.82072E-4,100,0.5
280767.22331753,4799602.5305323,5.82072E-4,100,0.5
281267.22331753,4799602.5305323,5.82072E-4,100,0.5
281767.22331753,4799602.5305323,5.82072E-4,100,0.5
281267.22331753,4799102.5305323,5.82072E-4,100,0.5
281767.22331753,4798602.5305323,5.82072E-4,100,0.5
282267.22331753,4798602.5305323,5.82072E-4,100,0.5
282767.22331753,4798602.5305323,5.82072E-4,100,0.5
283267.22331753,4797602.5305323,5.82072E-4,100,0.5
283267.22331753,4797102.5305323,5.82072E-4,100,0.5
284767.22331753,4796602.5305323,5.82072E-4,100,0.5
285267.22331753,4796102.5305323,5.82072E-4,100,0.5
285767.22331753,4795602.5305323,5.82072E-4,100,0.5
286267.22331753,4795602.5305323,5.82072E-4,100,0.5
286267.22331753,4795102.5305323,5.82072E-4,100,0.5
286767.22331753,4795102.5305323,5.82072E-4,100,0.5
286767.22331753,4794602.5305323,5.82072E-4,100,0.5
287267.22331753,4794602.5305323,5.82072E-4,100,0.5
286767.22331753,4794102.5305323,5.82072E-4,100,0.5
287267.22331753,4794102.5305323,5.82072E-4,100,0.5
287267.22331753,4793602.5305323,5.82072E-4,100,0.5
287267.22331753,4793102.5305323,5.82072E-4,100,0.5
287767.22331753,4793102.5305323,5.82072E-4,100,0.5
287767.22331753,4792602.5305323,5.82072E-4,100,0.5
288267.22331753,4792102.5305323,5.82072E-4,100,0.5
288267.22331753,4791602.5305323,5.82072E-4,100,0.5
288267.22331753,4791102.5305323,5.82072E-4,100,0.5
288767.22331753,4791102.5305323,5.82072E-4,100,0.5
288267.22331753,4790602.5305323,5.82072E-4,100,0.5
288767.22331753,4790602.5305323,5.82072E-4,100,0.5
288267.22331753,4790102.5305323,5.82072E-4,100,0.5
288267.22331753,4789602.5305323,5.82072E-4,100,0.5
288767.22331753,4789602.5305323,5.82072E-4,100,0.5
288267.22331753,4789102.5305323,5.82072E-4,100,0.5
288767.22331753,4789102.5305323,5.82072E-4,100,0.5
288767.22331753,4788602.5305323,5.82072E-4,100,0.5
289267.22331753,4788102.5305323,5.82072E-4,100,0.5
289267.22331753,4787602.5305323,5.82072E-4,100,0.5
289767.22331753,4787602.5305323,5.82072E-4,100,0.5
290267.22331753,4787602.5305323,5.82072E-4,100,0.5
289767.22331753,4787102.5305323,5.82072E-4,100,0.5
289767.22331753,4786602.5305323,5.82072E-4,100,0.5
290267.22331753,4785602.5305323,5.82072E-4,100,0.5
290267.22331753,4785102.5305323,5.82072E-4,100,0.5
290267.22331753,4784602.5305323,5.82072E-4,100,0.5
290267.22331753,4784102.5305323,5.82072E-4,100,0.5
290767.22331753,4783602.5305323,5.82072E-4,100,0.5
290767.22331753,4783102.5305323,5.82072E-4,100,0.5
291267.22331753,4783102.5305323,5.82072E-4,100,0.5
291767.22331753,4783102.5305323,5.82072E-4,100,0.5
291267.22331753,4782602.5305323,5.82072E-4,100,0.5
291767.22331753,4782602.5305323,5.82072E-4,100,0.5
292267.22331753,4782602.5305323,5.82072E-4,100,0.5
291767.22331753,4782102.5305323,5.82072E-4,100,0.5
292767.22331753,4781602.5305323,5.82072E-4,100,0.5
293267.22331753,4781102.5305323,5.82072E-4,100,0.5
293267.22331753,4780602.5305323,5.82072E-4,100,0.5
293767.22331753,4780602.5305323,5.82072E-4,100,0.5
293267.22331753,4779602.5305323,5.82072E-4,100,0.5
292767.22331753,4779102.5305323,5.82072E-4,100,0.5
291767.22331753,4778602.5305323,5.82072E-4,100,0.5
291767.22331753,4778102.5305323,5.82072E-4,100,0.5
291267.22331753,4777602.5305323,5.82072E-4,100,0.5
291767.22331753,4777102.5305323,5.82072E-4,100,0.5
291767.22331753,4776602.5305323,5.82072E-4,100,0.5
292767.22331753,4776602.5305323,5.82072E-4,100,0.5
292767.22331753,4776102.5305323,5.82072E-4,100,0.5
293267.22331753,4776102.5305323,5.82072E-4,100,0.5
292267.22331753,4775602.5305323,5.82072E-4,100,0.5
292767.22331753,4775602.5305323,5.82072E-4,100,0.5
293267.22331753,4775602.5305323,5.82072E-4,100,0.5
293767.22331753,4775602.5305323,5.82072E-4,100,0.5
292767.22331753,4775102.5305323,5.82072E-4,100,0.5
293267.22331753,4775102.5305323,5.82072E-4,100,0.5
293767.22331753,4775102.5305323,5.82072E-4,100,0.5
294267.22331753,4775102.5305323,5.82072E-4,100,0.5
292767.22331753,4774602.5305323,5.82072E-4,100,0.5
293267.22331753,4774602.5305323,5.82072E-4,100,0.5
293767.22331753,4774602.5305323,5.82072E-4,100,0.5
294267.22331753,4774602.5305323,5.82072E-4,100,0.5
292267.22331753,4774102.5305323,5.82072E-4,100,0.5
292767.22331753,4774102.5305323,5.82072E-4,100,0.5
293267.22331753,4774102.5305323,5.82072E-4,100,0.5
293767.22331753,4774102.5305323,5.82072E-4,100,0.5
294267.22331753,4774102.5305323,5.82072E-4,100,0.5
300767.22331753,4773102.5305323,5.82072E-4,100,0.5
300767.22331753,4772602.5305323,5.82072E-4,100,0.5
291267.22331753,4772102.5305323,5.82072E-4,100,0.5
290767.22331753,4771602.5305323,5.82072E-4,100,0.5
291267.22331753,4771602.5305323,5.82072E-4,100,0.5
299767.22331753,4771602.5305323,5.82072E-4,100,0.5
290267.22331753,4771102.5305323,5.82072E-4,100,0.5
290767.22331753,4771102.5305323,5.82072E-4,100,0.5
300267.22331753,4771102.5305323,5.82072E-4,100,0.5
290267.22331753,4770602.5305323,5.82072E-4,100,0.5
290767.22331753,4770602.5305323,5.82072E-4,100,0.5
291267.22331753,4770602.5305323,5.82072E-4,100,0.5
299767.22331753,4770602.5305323,5.82072E-4,100,0.5
289767.22331753,4770102.5305323,5.82072E-4,100,0.5
290267.22331753,4770102.5305323,5.82072E-4,100,0.5
290767.22331753,4770102.5305323,5.82072E-4,100,0.5
299767.22331753,4770102.5305323,5.82072E-4,100,0.5
290267.22331753,4769602.5305323,5.82072E-4,100,0.5
290767.22331753,4769602.5305323,5.82072E-4,100,0.5
299267.22331753,4769602.5305323,5.82072E-4,100,0.5
290267.22331753,4769102.5305323,5.82072E-4,100,0.5
290767.22331753,4769102.5305323,5.82072E-4,100,0.5
298267.22331753,4769102.5305323,5.82072E-4,100,0.5
298767.22331753,4769102.5305323,5.82072E-4,100,0.5
299267.22331753,4769102.5305323,5.82072E-4,100,0.5
289767.22331753,4768602.5305323,5.82072E-4,100,0.5
290267.22331753,4768602.5305323,5.82072E-4,100,0.5
290767.22331753,4768602.5305323,5.82072E-4,100,0.5
297767.22331753,4768602.5305323,5.82072E-4,100,0.5
298767.22331753,4768602.5305323,5.82072E-4,100,0.5
289267.22331753,4768102.5305323,5.82072E-4,100,0.5
289767.22331753,4768102.5305323,5.82072E-4,100,0.5
290267.22331753,4768102.5305323,5.82072E-4,100,0.5
290767.22331753,4768102.5305323,5.82072E-4,100,0.5
297767.22331753,4768102.5305323,5.82072E-4,100,0.5
298267.22331753,4768102.5305323,5.82072E-4,100,0.5
289267.22331753,4767602.5305323,5.82072E-4,100,0.5
289767.22331753,4767602.5305323,5.82072E-4,100,0.5
290267.22331753,4767602.5305323,5.82072E-4,100,0.5
292767.22331753,4767602.5305323,5.82072E-4,100,0.5
293267.22331753,4767602.5305323,5.82072E-4,100,0.5
295767.22331753,4767602.5305323,5.82072E-4,100,0.5
297267.22331753,4767602.5305323,5.82072E-4,100,0.5
297767.22331753,4767602.5305323,5.82072E-4,100,0.5
288267.22331753,4767102.5305323,5.82072E-4,100,0.5
288767.22331753,4767102.5305323,5.82072E-4,100,0.5
289267.22331753,4767102.5305323,5.82072E-4,100,0.5
289767.22331753,4767102.5305323,5.82072E-4,100,0.5
290267.22331753,4767102.5305323,5.82072E-4,100,0.5
292267.22331753,4767102.5305323,5.82072E-4,100,0.5
292767.22331753,4767102.5305323,5.82072E-4,100,0.5
293267.22331753,4767102.5305323,5.82072E-4,100,0.5
293767.22331753,4767102.5305323,5.82072E-4,100,0.5
294267.22331753,4767102.5305323,5.82072E-4,100,0.5
295267.22331753,4767102.5305323,5.82072E-4,100,0.5
295767.22331753,4767102.5305323,5.82072E-4,100,0.5
296267.22331753,4767102.5305323,5.82072E-4,100,0.5
296767.22331753,4767102.5305323,5.82072E-4,100,0.5
297267.22331753,4767102.5305323,5.82072E-4,100,0.5
288267.22331753,4766602.5305323,5.82072E-4,100,0.5
288767.22331753,4766602.5305323,5.82072E-4,100,0.5
289267.22331753,4766602.5305323,5.82072E-4,100,0.5
289767.22331753,4766602.5305323,5.82072E-4,100,0.5
290267.22331753,4766602.5305323,5.82072E-4,100,0.5
291767.22331753,4766602.5305323,5.82072E-4,100,0.5
292267.22331753,4766602.5305323,5.82072E-4,100,0.5
292767.22331753,4766602.5305323,5.82072E-4,100,0.5
294767.22331753,4766602.5305323,5.82072E-4,100,0.5
295267.22331753,4766602.5305323,5.82072E-4,100,0.5
295767.22331753,4766602.5305323,5.82072E-4,100,0.5
296767.22331753,4766602.5305323,5.82072E-4,100,0.5
288267.22331753,4766102.5305323,5.82072E-4,100,0.5
288767.22331753,4766102.5305323,5.82072E-4,100,0.5
289267.22331753,4766102.5305323,5.82072E-4,100,0.5
289767.22331753,4766102.5305323,5.82072E-4,100,0.5
290267.22331753,4766102.5305323,5.82072E-4,100,0.5
290767.22331753,4766102.5305323,5.82072E-4,100,0.5
294767.22331753,4766102.5305323,5.82072E-4,100,0.5
289267.22331753,4765602.5305323,5.82072E-4,100,0.5
289767.22331753,4765602.5305323,5.82072E-4,100,0.5
290267.22331753,4765602.5305323,5.82072E-4,100,0.5
290767.22331753,4765602.5305323,5.82072E-4,100,0.5
289267.22331753,4765102.5305323,5.82072E-4,100,0.5
289767.22331753,4765102.5305323,5.82072E-4,100,0.5
290267.22331753,4765102.5305323,5.82072E-4,100,0.5
289267.22331753,4764602.5305323,5.82072E-4,100,0.5
289767.22331753,4764602.5305323,5.82072E-4,100,0.5
288767.22331753,4764102.5305323,5.82072E-4,100,0.5
289267.22331753,4764102.5305323,5.82072E-4,100,0.5
289767.22331753,4764102.5305323,5.82072E-4,100,0.5
275767.22331753,4763602.5305323,5.82072E-4,100,0.5
288767.22331753,4763602.5305323,5.82072E-4,100,0.5
289267.22331753,4763602.5305323,5.82072E-4,100,0.5
289767.22331753,4763602.5305323,5.82072E-4,100,0.5
276267.22331753,4763102.5305323,5.82072E-4,100,0.5
288267.22331753,4763102.5305323,5.82072E-4,100,0.5
288767.22331753,4763102.5305323,5.82072E-4,100,0.5
289267.22331753,4763102.5305323,5.82072E-4,100,0.5
289767.22331753,4763102.5305323,5.82072E-4,100,0.5
287767.22331753,4762602.5305323,5.82072E-4,100,0.5
288267.22331753,4762602.5305323,5.82072E-4,100,0.5
288767.22331753,4762602.5305323,5.82072E-4,100,0.5
276767.22331753,4762102.5305323,5.82072E-4,100,0.5
287767.22331753,4762102.5305323,5.82072E-4,100,0.5
288267.22331753,4762102.5305323,5.82072E-4,100,0.5
288767.22331753,4762102.5305323,5.82072E-4,100,0.5
276767.22331753,4761602.5305323,5.82072E-4,100,0.5
277267.22331753,4761602.5305323,5.82072E-4,100,0.5
277767.22331753,4761602.5305323,5.82072E-4,100,0.5
287267.22331753,4761602.5305323,5.82072E-4,100,0.5
287767.22331753,4761602.5305323,5.82072E-4,100,0.5
288267.22331753,4761602.5305323,5.82072E-4,100,0.5
277767.22331753,4761102.5305323,5.82072E-4,100,0.5
278267.22331753,4761102.5305323,5.82072E-4,100,0.5
278767.22331753,4761102.5305323,5.82072E-4,100,0.5
279267.22331753,4761102.5305323,5.82072E-4,100,0.5
286767.22331753,4761102.5305323,5.82072E-4,100,0.5
287267.22331753,4761102.5305323,5.82072E-4,100,0.5
287767.22331753,4761102.5305323,5.82072E-4,100,0.5
288267.22331753,4761102.5305323,5.82072E-4,100,0.5
278267.22331753,4760602.5305323,5.82072E-4,100,0.5
278767.22331753,4760602.5305323,5.82072E-4,100,0.5
286767.22331753,4760602.5305323,5.82072E-4,100,0.5
287267.22331753,4760602.5305323,5.82072E-4,100,0.5
287767.22331753,4760602.5305323,5.82072E-4,100,0.5
278767.22331753,4760102.5305323,5.82072E-4,100,0.5
286767.22331753,4760102.5305323,5.82072E-4,100,0.5
287267.22331753,4760102.5305323,5.82072E-4,100,0.5
278267.22331753,4759602.5305323,5.82072E-4,100,0.5
286267.22331753,4759602.5305323,5.82072E-4,100,0.5
286767.22331753,4759602.5305323,5.82072E-4,100,0.5
287267.22331753,4759602.5305323,5.82072E-4,100,0.5
287767.22331753,4759602.5305323,5.82072E-4,100,0.5
278267.22331753,4759102.5305323,5.82072E-4,100,0.5
286267.22331753,4759102.5305323,5.82072E-4,100,0.5
286767.22331753,4759102.5305323,5.82072E-4,100,0.5
287267.22331753,4759102.5305323,5.82072E-4,100,0.5
287767.22331753,4759102.5305323,5.82072E-4,100,0.5
277267.22331753,4758602.5305323,5.82072E-4,100,0.5
286267.22331753,4758602.5305323,5.82072E-4,100,0.5
286767.22331753,4758602.5305323,5.82072E-4,100,0.5
287267.22331753,4758602.5305323,5.82072E-4,100,0.5
277767.22331753,4758102.5305323,5.82072E-4,100,0.5
278767.22331753,4758102.5305323,5.82072E-4,100,0.5
279267.22331753,4758102.5305323,5.82072E-4,100,0.5
286267.22331753,4758102.5305323,5.82072E-4,100,0.5
286767.22331753,4758102.5305323,5.82072E-4,100,0.5
287267.22331753,4758102.5305323,5.82072E-4,100,0.5
279267.22331753,4757602.5305323,5.82072E-4,100,0.5
286267.22331753,4757602.5305323,5.82072E-4,100,0.5
286767.22331753,4757602.5305323,5.82072E-4,100,0.5
287267.22331753,4757602.5305323,5.82072E-4,100,0.5
279267.22331753,4757102.5305323,5.82072E-4,100,0.5
285767.22331753,4757102.5305323,5.82072E-4,100,0.5
286267.22331753,4757102.5305323,5.82072E-4,100,0.5
286767.22331753,4757102.5305323,5.82072E-4,100,0.5
287267.22331753,4757102.5305323,5.82072E-4,100,0.5
279267.22331753,4756602.5305323,5.82072E-4,100,0.5
279767.22331753,4756602.5305323,5.82072E-4,100,0.5
280267.22331753,4756602.5305323,5.82072E-4,100,0.5
285767.22331753,4756602.5305323,5.82072E-4,100,0.5
286267.22331753,4756602.5305323,5.82072E-4,100,0.5
286767.22331753,4756602.5305323,5.82072E-4,100,0.5
287267.22331753,4756602.5305323,5.82072E-4,100,0.5
280267.22331753,4756102.5305323,5.82072E-4,100,0.5
285267.22331753,4756102.5305323,5.82072E-4,100,0.5
285767.22331753,4756102.5305323,5.82072E-4,100,0.5
286267.22331753,4756102.5305323,5.82072E-4,100,0.5
286767.22331753,4756102.5305323,5.82072E-4,100,0.5
287267.22331753,4756102.5305323,5.82072E-4,100,0.5
285267.22331753,4755602.5305323,5.82072E-4,100,0.5
285767.22331753,4755602.5305323,5.82072E-4,100,0.5
286267.22331753,4755602.5305323,5.82072E-4,100,0.5
286767.22331753,4755602.5305323,5.82072E-4,100,0.5
280767.22331753,4755102.5305323,5.82072E-4,100,0.5
282267.22331753,4755102.5305323,5.82072E-4,100,0.5
285267.22331753,4755102.5305323,5.82072E-4,100,0.5
285767.22331753,4755102.5305323,5.82072E-4,100,0.5
286267.22331753,4755102.5305323,5.82072E-4,100,0.5
286767.22331753,4755102.5305323,5.82072E-4,100,0.5
282267.22331753,4754602.5305323,5.82072E-4,100,0.5
282767.22331753,4754602.5305323,5.82072E-4,100,0.5
283267.22331753,4754602.5305323,5.82072E-4,100,0.5
283767.22331753,4754602.5305323,5.82072E-4,100,0.5
284267.22331753,4754602.5305323,5.82072E-4,100,0.5
284767.22331753,4754602.5305323,5.82072E-4,100,0.5
285267.22331753,4754602.5305323,5.82072E-4,100,0.5
285767.22331753,4754602.5305323,5.82072E-4,100,0.5
286267.22331753,4754602.5305323,5.82072E-4,100,0.5
286767.22331753,4754602.5305323,5.82072E-4,100,0.5
284767.22331753,4754102.5305323,5.82072E-4,100,0.5
285267.22331753,4754102.5305323,5.82072E-4,100,0.5
285767.22331753,4754102.5305323,5.82072E-4,100,0.5
286267.22331753,4754102.5305323,5.82072E-4,100,0.5
286767.22331753,4754102.5305323,5.82072E-4,100,0.5
284767.22331753,4753602.5305323,5.82072E-4,100,0.5
285267.22331753,4753602.5305323,5.82072E-4,100,0.5
285767.22331753,4753602.5305323,5.82072E-4,100,0.5
286267.22331753,4753602.5305323,5.82072E-4,100,0.5
286767.22331753,4753602.5305323,5.82072E-4,100,0.5
284767.22331753,4753102.5305323,5.82072E-4,100,0.5
285267.22331753,4753102.5305323,5.82072E-4,100,0.5
285767.22331753,4753102.5305323,5.82072E-4,100,0.5
286267.22331753,4753102.5305323,5.82072E-4,100,0.5
286767.22331753,4753102.5305323,5.82072E-4,100,0.5
285267.22331753,4752602.5305323,5.82072E-4,100,0.5
285767.22331753,4752602.5305323,5.82072E-4,100,0.5
286267.22331753,4752602.5305323,5.82072E-4,100,0.5
285267.22331753,4752102.5305323,5.82072E-4,100,0.5
285767.22331753,4752102.5305323,5.82072E-4,100,0.5
286267.22331753,4752102.5305323,5.82072E-4,100,0.5
286767.22331753,4752102.5305323,5.82072E-4,100,0.5
233767.22331753,4751602.5305323,5.82072E-4,100,0.5
285267.22331753,4751602.5305323,5.82072E-4,100,0.5
285767.22331753,4751602.5305323,5.82072E-4,100,0.5
286267.22331753,4751602.5305323,5.82072E-4,100,0.5
286767.22331753,4751602.5305323,5.82072E-4,100,0.5
284767.22331753,4751102.5305323,5.82072E-4,100,0.5
285267.22331753,4751102.5305323,5.82072E-4,100,0.5
285767.22331753,4751102.5305323,5.82072E-4,100,0.5
286267.22331753,4751102.5305323,5.82072E-4,100,0.5
285267.22331753,4750602.5305323,5.82072E-4,100,0.5
285767.22331753,4750602.5305323,5.82072E-4,100,0.5
286267.22331753,4750602.5305323,5.82072E-4,100,0.5
234267.22331753,4750102.5305323,5.82072E-4,100,0.5
285267.22331753,4750102.5305323,5.82072E-4,100,0.5
285767.22331753,4750102.5305323,5.82072E-4,100,0.5
286267.22331753,4750102.5305323,5.82072E-4,100,0.5
285267.22331753,4749602.5305323,5.82072E-4,100,0.5
285767.22331753,4749602.5305323,5.82072E-4,100,0.5
286267.22331753,4749602.5305323,5.82072E-4,100,0.5
286767.22331753,4749602.5305323,5.82072E-4,100,0.5
234267.22331753,4749102.5305323,5.82072E-4,100,0.5
285267.22331753,4749102.5305323,5.82072E-4,100,0.5
285767.22331753,4749102.5305323,5.82072E-4,100,0.5
286267.22331753,4749102.5305323,5.82072E-4,100,0.5
286767.22331753,4749102.5305323,5.82072E-4,100,0.5
285767.22331753,4748602.5305323,5.82072E-4,100,0.5
286267.22331753,4748602.5305323,5.82072E-4,100,0.5
286767.22331753,4748602.5305323,5.82072E-4,100,0.5
287267.22331753,4748602.5305323,5.82072E-4,100,0.5
286267.22331753,4748102.5305323,5.82072E-4,100,0.5
286767.22331753,4748102.5305323,5.82072E-4,100,0.5
287267.22331753,4748102.5305323,5.82072E-4,100,0.5
286767.22331753,4747602.5305323,5.82072E-4,100,0.5
287267.22331753,4747602.5305323,5.82072E-4,100,0.5
287767.22331753,4747602.5305323,5.82072E-4,100,0.5
286767.22331753,4747102.5305323,5.82072E-4,100,0.5
287267.22331753,4747102.5305323,5.82072E-4,100,0.5
287767.22331753,4747102.5305323,5.82072E-4,100,0.5
234767.22331753,4746602.5305323,5.82072E-4,100,0.5
286767.22331753,4746602.5305323,5.82072E-4,100,0.5
287267.22331753,4746602.5305323,5.82072E-4,100,0.5
287767.22331753,4746602.5305323,5.82072E-4,100,0.5
235267.22331753,4746102.5305323,5.82072E-4,100,0.5
285767.22331753,4746102.5305323,5.82072E-4,100,0.5
286267.22331753,4746102.5305323,5.82072E-4,100,0.5
286767.22331753,4746102.5305323,5.82072E-4,100,0.5
287267.22331753,4746102.5305323,5.82072E-4,100,0.5
287767.22331753,4746102.5305323,5.82072E-4,100,0.5
236267.22331753,4745602.5305323,5.82072E-4,100,0.5
236767.22331753,4745602.5305323,5.82072E-4,100,0.5
237267.22331753,4745602.5305323,5.82072E-4,100,0.5
285767.22331753,4745602.5305323,5.82072E-4,100,0.5
286267.22331753,4745602.5305323,5.82072E-4,100,0.5
286767.22331753,4745602.5305323,5.82072E-4,100,0.5
287267.22331753,4745602.5305323,5.82072E-4,100,0.5
237267.22331753,4745102.5305323,5.82072E-4,100,0.5
237767.22331753,4745102.5305323,5.82072E-4,100,0.5
285767.22331753,4745102.5305323,5.82072E-4,100,0.5
286767.22331753,4745102.5305323,5.82072E-4,100,0.5
237767.22331753,4744602.5305323,5.82072E-4,100,0.5
285267.22331753,4744602.5305323,5.82072E-4,100,0.5
238267.22331753,4744102.5305323,5.82072E-4,100,0.5
238267.22331753,4743602.5305323,5.82072E-4,100,0.5
285767.22331753,4743602.5305323,5.82072E-4,100,0.5
286267.22331753,4743602.5305323,5.82072E-4,100,0.5
286767.22331753,4743602.5305323,5.82072E-4,100,0.5
287267.22331753,4743602.5305323,5.82072E-4,100,0.5
238767.22331753,4743102.5305323,5.82072E-4,100,0.5
286767.22331753,4743102.5305323,5.82072E-4,100,0.5
287267.22331753,4743102.5305323,5.82072E-4,100,0.5
287767.22331753,4743102.5305323,5.82072E-4,100,0.5
286767.22331753,4742602.5305323,5.82072E-4,100,0.5
287267.22331753,4742602.5305323,5.82072E-4,100,0.5
287767.22331753,4742602.5305323,5.82072E-4,100,0.5
239267.22331753,4742102.5305323,5.82072E-4,100,0.5
286767.22331753,4742102.5305323,5.82072E-4,100,0.5
287267.22331753,4742102.5305323,5.82072E-4,100,0.5
287767.22331753,4742102.5305323,5.82072E-4,100,0.5
239767.22331753,4741602.5305323,5.82072E-4,100,0.5
286767.22331753,4741602.5305323,5.82072E-4,100,0.5
287267.22331753,4741602.5305323,5.82072E-4,100,0.5
287767.22331753,4741602.5305323,5.82072E-4,100,0.5
286267.22331753,4741102.5305323,5.82072E-4,100,0.5
286767.22331753,4741102.5305323,5.82072E-4,100,0.5
287267.22331753,4741102.5305323,5.82072E-4,100,0.5
287767.22331753,4741102.5305323,5.82072E-4,100,0.5
249267.22331753,4740602.5305323,5.82072E-4,100,0.5
256767.22331753,4740602.5305323,5.82072E-4,100,0.5
286267.22331753,4740602.5305323,5.82072E-4,100,0.5
250767.22331753,4740102.5305323,5.82072E-4,100,0.5
254267.22331753,4740102.5305323,5.82072E-4,100,0.5
258267.22331753,4740102.5305323,5.82072E-4,100,0.5
243267.22331753,4739602.5305323,5.82072E-4,100,0.5
257767.22331753,4739602.5305323,5.82072E-4,100,0.5
285267.22331753,4739602.5305323,5.82072E-4,100,0.5
243267.22331753,4739102.5305323,5.82072E-4,100,0.5
243767.22331753,4739102.5305323,5.82072E-4,100,0.5
253267.22331753,4739102.5305323,5.82072E-4,100,0.5
285267.22331753,4739102.5305323,5.82072E-4,100,0.5
244267.22331753,4738602.5305323,5.82072E-4,100,0.5
244767.22331753,4738602.5305323,5.82072E-4,100,0.5
245267.22331753,4738602.5305323,5.82072E-4,100,0.5
247767.22331753,4738602.5305323,5.82072E-4,100,0.5
259767.22331753,4738602.5305323,5.82072E-4,100,0.5
260267.22331753,4738602.5305323,5.82072E-4,100,0.5
284267.22331753,4738602.5305323,5.82072E-4,100,0.5
284767.22331753,4738602.5305323,5.82072E-4,100,0.5
285267.22331753,4738602.5305323,5.82072E-4,100,0.5
260767.22331753,4738102.5305323,5.82072E-4,100,0.5
261267.22331753,4738102.5305323,5.82072E-4,100,0.5
283767.22331753,4738102.5305323,5.82072E-4,100,0.5
285767.22331753,4738102.5305323,5.82072E-4,100,0.5
287267.22331753,4738102.5305323,5.82072E-4,100,0.5
288267.22331753,4738102.5305323,5.82072E-4,100,0.5
261767.22331753,4737602.5305323,5.82072E-4,100,0.5
282767.22331753,4737602.5305323,5.82072E-4,100,0.5
262267.22331753,4737102.5305323,5.82072E-4,100,0.5
281767.22331753,4737102.5305323,5.82072E-4,100,0.5
288767.22331753,4737102.5305323,5.82072E-4,100,0.5
262767.22331753,4736602.5305323,5.82072E-4,100,0.5
263267.22331753,4736602.5305323,5.82072E-4,100,0.5
281267.22331753,4736602.5305323,5.82072E-4,100,0.5
280767.22331753,4736102.5305323,5.82072E-4,100,0.5
290267.22331753,4736102.5305323,5.82072E-4,100,0.5
263767.22331753,4735602.5305323,5.82072E-4,100,0.5
264267.22331753,4735602.5305323,5.82072E-4,100,0.5
264767.22331753,4735602.5305323,5.82072E-4,100,0.5
265267.22331753,4735602.5305323,5.82072E-4,100,0.5
280267.22331753,4735602.5305323,5.82072E-4,100,0.5
264267.22331753,4735102.5305323,5.82072E-4,100,0.5
264767.22331753,4735102.5305323,5.82072E-4,100,0.5
265267.22331753,4735102.5305323,5.82072E-4,100,0.5
277767.22331753,4735102.5305323,5.82072E-4,100,0.5
278267.22331753,4735102.5305323,5.82072E-4,100,0.5
278767.22331753,4735102.5305323,5.82072E-4,100,0.5
264767.22331753,4734602.5305323,5.82072E-4,100,0.5
279267.22331753,4734602.5305323,5.82072E-4,100,0.5
279767.22331753,4734602.5305323,5.82072E-4,100,0.5
265767.22331753,4734102.5305323,5.82072E-4,100,0.5
266267.22331753,4734102.5305323,5.82072E-4,100,0.5
291267.22331753,4734102.5305323,5.82072E-4,100,0.5
292267.22331753,4733602.5305323,5.82072E-4,100,0.5
266767.22331753,4733102.5305323,5.82072E-4,100,0.5
267267.22331753,4733102.5305323,5.82072E-4,100,0.5
293267.22331753,4733102.5305323,5.82072E-4,100,0.5
294267.22331753,4733102.5305323,5.82072E-4,100,0.5
294767.22331753,4733102.5305323,5.82072E-4,100,0.5
295267.22331753,4733102.5305323,5.82072E-4,100,0.5
267267.22331753,4732602.5305323,5.82072E-4,100,0.5
268767.22331753,4731602.5305323,5.82072E-4,100,0.5
272267.22331753,4731102.5305323,5.82072E-4,100,0.5
270267.22331753,4730602.5305323,5.82072E-4,100,0.5
271267.22331753,4729602.5305323,5.82072E-4,100,0.5
271267.22331753,4728602.5305323,5.82072E-4,100,0.5
271767.22331753,4727602.5305323,5.82072E-4,100,0.5
272767.22331753,4726102.5305323,5.82072E-4,100,0.5
273767.22331753,4725102.5305323,5.82072E-4,100,0.5
273767.22331753,4722602.5305323,5.82072E-4,100,0.5
274267.22331753,4722602.5305323,5.82072E-4,100,0.5
273267.22331753,4722102.5305323,5.82072E-4,100,0.5
273767.22331753,4722102.5305323,5.82072E-4,100,0.5
274267.22331753,4722102.5305323,5.82072E-4,100,0.5
273767.22331753,4721602.5305323,5.82072E-4,100,0.5
274267.22331753,4721602.5305323,5.82072E-4,100,0.5
274267.22331753,4721102.5305323,5.82072E-4,100,0.5
273767.22331753,4720602.5305323,5.82072E-4,100,0.5
274267.22331753,4720602.5305323,5.82072E-4,100,0.5
274767.22331753,4720602.5305323,5.82072E-4,100,0.5
274267.22331753,4720102.5305323,5.82072E-4,100,0.5
274767.22331753,4720102.5305323,5.82072E-4,100,0.5
274267.22331753,4719602.5305323,5.82072E-4,100,0.5
274767.22331753,4719602.5305323,5.82072E-4,100,0.5
274267.22331753,4719102.5305323,5.82072E-4,100,0.5
274767.22331753,4719102.5305323,5.82072E-4,100,0.5
274267.22331753,4717602.5305323,5.82072E-4,100,0.5
274767.22331753,4717602.5305323,5.82072E-4,100,0.5
274767.22331753,4716602.5305323,5.82072E-4,100,0.5
274767.22331753,4715602.5305323,5.82072E-4,100,0.5
275267.22331753,4715602.5305323,5.82072E-4,100,0.5
301767.22331753,4715602.5305323,5.82072E-4,100,0.5
302267.22331753,4715602.5305323,5.82072E-4,100,0.5
303267.22331753,4715602.5305323,5.82072E-4,100,0.5
303767.22331753,4715602.5305323,5.82072E-4,100,0.5
274767.22331753,4715102.5305323,5.82072E-4,100,0.5
275267.22331753,4715102.5305323,5.82072E-4,100,0.5
275767.22331753,4715102.5305323,5.82072E-4,100,0.5
276267.22331753,4715102.5305323,5.82072E-4,100,0.5
299767.22331753,4715102.5305323,5.82072E-4,100,0.5
300767.22331753,4715102.5305323,5.82072E-4,100,0.5
301267.22331753,4715102.5305323,5.82072E-4,100,0.5
301767.22331753,4715102.5305323,5.82072E-4,100,0.5
302267.22331753,4715102.5305323,5.82072E-4,100,0.5
302767.22331753,4715102.5305323,5.82072E-4,100,0.5
303267.22331753,4715102.5305323,5.82072E-4,100,0.5
303767.22331753,4715102.5305323,5.82072E-4,100,0.5
304267.22331753,4715102.5305323,5.82072E-4,100,0.5
304767.22331753,4715102.5305323,5.82072E-4,100,0.5
305267.22331753,4715102.5305323,5.82072E-4,100,0.5
305767.22331753,4715102.5305323,5.82072E-4,100,0.5
276267.22331753,4714602.5305323,5.82072E-4,100,0.5
299767.22331753,4714602.5305323,5.82072E-4,100,0.5
300267.22331753,4714602.5305323,5.82072E-4,100,0.5
300767.22331753,4714602.5305323,5.82072E-4,100,0.5
301267.22331753,4714602.5305323,5.82072E-4,100,0.5
301767.22331753,4714602.5305323,5.82072E-4,100,0.5
303267.22331753,4714602.5305323,5.82072E-4,100,0.5
305267.22331753,4714602.5305323,5.82072E-4,100,0.5
305767.22331753,4714602.5305323,5.82072E-4,100,0.5
307267.22331753,4714602.5305323,5.82072E-4,100,0.5
275767.22331753,4714102.5305323,5.82072E-4,100,0.5
299267.22331753,4714102.5305323,5.82072E-4,100,0.5
299767.22331753,4714102.5305323,5.82072E-4,100,0.5
300267.22331753,4714102.5305323,5.82072E-4,100,0.5
300767.22331753,4714102.5305323,5.82072E-4,100,0.5
301267.22331753,4714102.5305323,5.82072E-4,100,0.5
306267.22331753,4714102.5305323,5.82072E-4,100,0.5
306767.22331753,4714102.5305323,5.82072E-4,100,0.5
275267.22331753,4713602.5305323,5.82072E-4,100,0.5
275767.22331753,4713602.5305323,5.82072E-4,100,0.5
299267.22331753,4713602.5305323,5.82072E-4,100,0.5
299767.22331753,4713602.5305323,5.82072E-4,100,0.5
300267.22331753,4713602.5305323,5.82072E-4,100,0.5
300767.22331753,4713602.5305323,5.82072E-4,100,0.5
301267.22331753,4713602.5305323,5.82072E-4,100,0.5
301767.22331753,4713602.5305323,5.82072E-4,100,0.5
275267.22331753,4713102.5305323,5.82072E-4,100,0.5
275767.22331753,4713102.5305323,5.82072E-4,100,0.5
276267.22331753,4713102.5305323,5.82072E-4,100,0.5
297767.22331753,4713102.5305323,5.82072E-4,100,0.5
298267.22331753,4713102.5305323,5.82072E-4,100,0.5
298767.22331753,4713102.5305323,5.82072E-4,100,0.5
299267.22331753,4713102.5305323,5.82072E-4,100,0.5
299767.22331753,4713102.5305323,5.82072E-4,100,0.5
300267.22331753,4713102.5305323,5.82072E-4,100,0.5
300767.22331753,4713102.5305323,5.82072E-4,100,0.5
301267.22331753,4713102.5305323,5.82072E-4,100,0.5
301767.22331753,4713102.5305323,5.82072E-4,100,0.5
302267.22331753,4713102.5305323,5.82072E-4,100,0.5
275267.22331753,4712602.5305323,5.82072E-4,100,0.5
275767.22331753,4712602.5305323,5.82072E-4,100,0.5
276267.22331753,4712602.5305323,5.82072E-4,100,0.5
297267.22331753,4712602.5305323,5.82072E-4,100,0.5
297767.22331753,4712602.5305323,5.82072E-4,100,0.5
298267.22331753,4712602.5305323,5.82072E-4,100,0.5
298767.22331753,4712602.5305323,5.82072E-4,100,0.5
299267.22331753,4712602.5305323,5.82072E-4,100,0.5
299767.22331753,4712602.5305323,5.82072E-4,100,0.5
275267.22331753,4712102.5305323,5.82072E-4,100,0.5
275767.22331753,4712102.5305323,5.82072E-4,100,0.5
276267.22331753,4712102.5305323,5.82072E-4,100,0.5
296767.22331753,4712102.5305323,5.82072E-4,100,0.5
297267.22331753,4712102.5305323,5.82072E-4,100,0.5
297767.22331753,4712102.5305323,5.82072E-4,100,0.5
298267.22331753,4712102.5305323,5.82072E-4,100,0.5
298767.22331753,4712102.5305323,5.82072E-4,100,0.5
299267.22331753,4712102.5305323,5.82072E-4,100,0.5
299767.22331753,4712102.5305323,5.82072E-4,100,0.5
313267.22331753,4712102.5305323,5.82072E-4,100,0.5
313767.22331753,4712102.5305323,5.82072E-4,100,0.5
275767.22331753,4711602.5305323,5.82072E-4,100,0.5
276267.22331753,4711602.5305323,5.82072E-4,100,0.5
296267.22331753,4711602.5305323,5.82072E-4,100,0.5
296767.22331753,4711602.5305323,5.82072E-4,100,0.5
297267.22331753,4711602.5305323,5.82072E-4,100,0.5
297767.22331753,4711602.5305323,5.82072E-4,100,0.5
298267.22331753,4711602.5305323,5.82072E-4,100,0.5
298767.22331753,4711602.5305323,5.82072E-4,100,0.5
299267.22331753,4711602.5305323,5.82072E-4,100,0.5
313767.22331753,4711602.5305323,5.82072E-4,100,0.5
314267.22331753,4711602.5305323,5.82072E-4,100,0.5
276267.22331753,4711102.5305323,5.82072E-4,100,0.5
276767.22331753,4711102.5305323,5.82072E-4,100,0.5
277267.22331753,4711102.5305323,5.82072E-4,100,0.5
295767.22331753,4711102.5305323,5.82072E-4,100,0.5
296267.22331753,4711102.5305323,5.82072E-4,100,0.5
296767.22331753,4711102.5305323,5.82072E-4,100,0.5
297267.22331753,4711102.5305323,5.82072E-4,100,0.5
313767.22331753,4711102.5305323,5.82072E-4,100,0.5
276267.22331753,4710602.5305323,5.82072E-4,100,0.5
276767.22331753,4710602.5305323,5.82072E-4,100,0.5
277267.22331753,4710602.5305323,5.82072E-4,100,0.5
313767.22331753,4710602.5305323,5.82072E-4,100,0.5
276267.22331753,4710102.5305323,5.82072E-4,100,0.5
276767.22331753,4710102.5305323,5.82072E-4,100,0.5
314267.22331753,4710102.5305323,5.82072E-4,100,0.5
276267.22331753,4709602.5305323,5.82072E-4,100,0.5
276767.22331753,4709602.5305323,5.82072E-4,100,0.5
277267.22331753,4709602.5305323,5.82072E-4,100,0.5
277767.22331753,4709602.5305323,5.82072E-4,100,0.5
295767.22331753,4709602.5305323,5.82072E-4,100,0.5
314267.22331753,4709602.5305323,5.82072E-4,100,0.5
276767.22331753,4709102.5305323,5.82072E-4,100,0.5
277267.22331753,4709102.5305323,5.82072E-4,100,0.5
277767.22331753,4709102.5305323,5.82072E-4,100,0.5
314767.22331753,4709102.5305323,5.82072E-4,100,0.5
276767.22331753,4708602.5305323,5.82072E-4,100,0.5
277267.22331753,4708602.5305323,5.82072E-4,100,0.5
277767.22331753,4708602.5305323,5.82072E-4,100,0.5
295267.22331753,4708602.5305323,5.82072E-4,100,0.5
314767.22331753,4708602.5305323,5.82072E-4,100,0.5
277267.22331753,4708102.5305323,5.82072E-4,100,0.5
280267.22331753,4708102.5305323,5.82072E-4,100,0.5
314767.22331753,4708102.5305323,5.82072E-4,100,0.5
277767.22331753,4707602.5305323,5.82072E-4,100,0.5
278267.22331753,4707602.5305323,5.82072E-4,100,0.5
278767.22331753,4707602.5305323,5.82072E-4,100,0.5
279267.22331753,4707602.5305323,5.82072E-4,100,0.5
280767.22331753,4707602.5305323,5.82072E-4,100,0.5
314767.22331753,4707602.5305323,5.82072E-4,100,0.5
279267.22331753,4707102.5305323,5.82072E-4,100,0.5
315267.22331753,4707102.5305323,5.82072E-4,100,0.5
323267.22331753,4707102.5305323,5.82072E-4,100,0.5
281767.22331753,4706602.5305323,5.82072E-4,100,0.5
315767.22331753,4706602.5305323,5.82072E-4,100,0.5
317767.22331753,4706602.5305323,5.82072E-4,100,0.5
318267.22331753,4706602.5305323,5.82072E-4,100,0.5
318767.22331753,4706602.5305323,5.82072E-4,100,0.5
319267.22331753,4706602.5305323,5.82072E-4,100,0.5
319767.22331753,4706602.5305323,5.82072E-4,100,0.5
323267.22331753,4706602.5305323,5.82072E-4,100,0.5
281767.22331753,4706102.5305323,5.82072E-4,100,0.5
282267.22331753,4706102.5305323,5.82072E-4,100,0.5
283267.22331753,4706102.5305323,5.82072E-4,100,0.5
290767.22331753,4706102.5305323,5.82072E-4,100,0.5
316267.22331753,4706102.5305323,5.82072E-4,100,0.5
316767.22331753,4706102.5305323,5.82072E-4,100,0.5
317267.22331753,4706102.5305323,5.82072E-4,100,0.5
317767.22331753,4706102.5305323,5.82072E-4,100,0.5
318767.22331753,4706102.5305323,5.82072E-4,100,0.5
319267.22331753,4706102.5305323,5.82072E-4,100,0.5
319767.22331753,4706102.5305323,5.82072E-4,100,0.5
320267.22331753,4706102.5305323,5.82072E-4,100,0.5
320767.22331753,4706102.5305323,5.82072E-4,100,0.5
322767.22331753,4706102.5305323,5.82072E-4,100,0.5
323267.22331753,4706102.5305323,5.82072E-4,100,0.5
282267.22331753,4705602.5305323,5.82072E-4,100,0.5
289267.22331753,4705602.5305323,5.82072E-4,100,0.5
290267.22331753,4705602.5305323,5.82072E-4,100,0.5
316267.22331753,4705602.5305323,5.82072E-4,100,0.5
316767.22331753,4705602.5305323,5.82072E-4,100,0.5
317267.22331753,4705602.5305323,5.82072E-4,100,0.5
317767.22331753,4705602.5305323,5.82072E-4,100,0.5
319267.22331753,4705602.5305323,5.82072E-4,100,0.5
319767.22331753,4705602.5305323,5.82072E-4,100,0.5
320267.22331753,4705602.5305323,5.82072E-4,100,0.5
320767.22331753,4705602.5305323,5.82072E-4,100,0.5
322267.22331753,4705602.5305323,5.82072E-4,100,0.5
322767.22331753,4705602.5305323,5.82072E-4,100,0.5
323267.22331753,4705602.5305323,5.82072E-4,100,0.5
323767.22331753,4705602.5305323,5.82072E-4,100,0.5
316767.22331753,4705102.5305323,5.82072E-4,100,0.5
317267.22331753,4705102.5305323,5.82072E-4,100,0.5
317767.22331753,4705102.5305323,5.82072E-4,100,0.5
318767.22331753,4705102.5305323,5.82072E-4,100,0.5
319267.22331753,4705102.5305323,5.82072E-4,100,0.5
319767.22331753,4705102.5305323,5.82072E-4,100,0.5
320267.22331753,4705102.5305323,5.82072E-4,100,0.5
320767.22331753,4705102.5305323,5.82072E-4,100,0.5
321267.22331753,4705102.5305323,5.82072E-4,100,0.5
321767.22331753,4705102.5305323,5.82072E-4,100,0.5
322267.22331753,4705102.5305323,5.82072E-4,100,0.5
322767.22331753,4705102.5305323,5.82072E-4,100,0.5
323267.22331753,4705102.5305323,5.82072E-4,100,0.5
323767.22331753,4705102.5305323,5.82072E-4,100,0.5
283767.22331753,4704602.5305323,5.82072E-4,100,0.5
284267.22331753,4704602.5305323,5.82072E-4,100,0.5
284767.22331753,4704602.5305323,5.82072E-4,100,0.5
285267.22331753,4704602.5305323,5.82072E-4,100,0.5
289267.22331753,4704602.5305323,5.82072E-4,100,0.5
316767.22331753,4704602.5305323,5.82072E-4,100,0.5
317267.22331753,4704602.5305323,5.82072E-4,100,0.5
317767.22331753,4704602.5305323,5.82072E-4,100,0.5
318767.22331753,4704602.5305323,5.82072E-4,100,0.5
319267.22331753,4704602.5305323,5.82072E-4,100,0.5
319767.22331753,4704602.5305323,5.82072E-4,100,0.5
320267.22331753,4704602.5305323,5.82072E-4,100,0.5
320767.22331753,4704602.5305323,5.82072E-4,100,0.5
321267.22331753,4704602.5305323,5.82072E-4,100,0.5
321767.22331753,4704602.5305323,5.82072E-4,100,0.5
322267.22331753,4704602.5305323,5.82072E-4,100,0.5
322767.22331753,4704602.5305323,5.82072E-4,100,0.5
323267.22331753,4704602.5305323,5.82072E-4,100,0.5
323767.22331753,4704602.5305323,5.82072E-4,100,0.5
285767.22331753,4704102.5305323,5.82072E-4,100,0.5
288267.22331753,4704102.5305323,5.82072E-4,100,0.5
288767.22331753,4704102.5305323,5.82072E-4,100,0.5
317267.22331753,4704102.5305323,5.82072E-4,100,0.5
317767.22331753,4704102.5305323,5.82072E-4,100,0.5
318267.22331753,4704102.5305323,5.82072E-4,100,0.5
318767.22331753,4704102.5305323,5.82072E-4,100,0.5
319267.22331753,4704102.5305323,5.82072E-4,100,0.5
319767.22331753,4704102.5305323,5.82072E-4,100,0.5
320267.22331753,4704102.5305323,5.82072E-4,100,0.5
320767.22331753,4704102.5305323,5.82072E-4,100,0.5
321267.22331753,4704102.5305323,5.82072E-4,100,0.5
321767.22331753,4704102.5305323,5.82072E-4,100,0.5
322267.22331753,4704102.5305323,5.82072E-4,100,0.5
322767.22331753,4704102.5305323,5.82072E-4,100,0.5
323267.22331753,4704102.5305323,5.82072E-4,100,0.5
323767.22331753,4704102.5305323,5.82072E-4,100,0.5
285267.22331753,4703602.5305323,5.82072E-4,100,0.5
285767.22331753,4703602.5305323,5.82072E-4,100,0.5
287267.22331753,4703602.5305323,5.82072E-4,100,0.5
287767.22331753,4703602.5305323,5.82072E-4,100,0.5
317267.22331753,4703602.5305323,5.82072E-4,100,0.5
317767.22331753,4703602.5305323,5.82072E-4,100,0.5
318267.22331753,4703602.5305323,5.82072E-4,100,0.5
318767.22331753,4703602.5305323,5.82072E-4,100,0.5
319767.22331753,4703602.5305323,5.82072E-4,100,0.5
320267.22331753,4703602.5305323,5.82072E-4,100,0.5
320767.22331753,4703602.5305323,5.82072E-4,100,0.5
321267.22331753,4703602.5305323,5.82072E-4,100,0.5
321767.22331753,4703602.5305323,5.82072E-4,100,0.5
322267.22331753,4703602.5305323,5.82072E-4,100,0.5
322767.22331753,4703602.5305323,5.82072E-4,100,0.5
323267.22331753,4703602.5305323,5.82072E-4,100,0.5
323767.22331753,4703602.5305323,5.82072E-4,100,0.5
324267.22331753,4703602.5305323,5.82072E-4,100,0.5
285267.22331753,4703102.5305323,5.82072E-4,100,0.5
285767.22331753,4703102.5305323,5.82072E-4,100,0.5
287267.22331753,4703102.5305323,5.82072E-4,100,0.5
287767.22331753,4703102.5305323,5.82072E-4,100,0.5
317267.22331753,4703102.5305323,5.82072E-4,100,0.5
317767.22331753,4703102.5305323,5.82072E-4,100,0.5
318267.22331753,4703102.5305323,5.82072E-4,100,0.5
318767.22331753,4703102.5305323,5.82072E-4,100,0.5
319267.22331753,4703102.5305323,5.82072E-4,100,0.5
319767.22331753,4703102.5305323,5.82072E-4,100,0.5
320267.22331753,4703102.5305323,5.82072E-4,100,0.5
320767.22331753,4703102.5305323,5.82072E-4,100,0.5
321267.22331753,4703102.5305323,5.82072E-4,100,0.5
321767.22331753,4703102.5305323,5.82072E-4,100,0.5
322267.22331753,4703102.5305323,5.82072E-4,100,0.5
322767.22331753,4703102.5305323,5.82072E-4,100,0.5
323267.22331753,4703102.5305323,5.82072E-4,100,0.5
323767.22331753,4703102.5305323,5.82072E-4,100,0.5
324267.22331753,4703102.5305323,5.82072E-4,100,0.5
286267.22331753,4702602.5305323,5.82072E-4,100,0.5
286767.22331753,4702602.5305323,5.82072E-4,100,0.5
287267.22331753,4702602.5305323,5.82072E-4,100,0.5
317767.22331753,4702602.5305323,5.82072E-4,100,0.5
318267.22331753,4702602.5305323,5.82072E-4,100,0.5
318767.22331753,4702602.5305323,5.82072E-4,100,0.5
319267.22331753,4702602.5305323,5.82072E-4,100,0.5
319767.22331753,4702602.5305323,5.82072E-4,100,0.5
320267.22331753,4702602.5305323,5.82072E-4,100,0.5
320767.22331753,4702602.5305323,5.82072E-4,100,0.5
321267.22331753,4702602.5305323,5.82072E-4,100,0.5
321767.22331753,4702602.5305323,5.82072E-4,100,0.5
322267.22331753,4702602.5305323,5.82072E-4,100,0.5
322767.22331753,4702602.5305323,5.82072E-4,100,0.5
323267.22331753,4702602.5305323,5.82072E-4,100,0.5
323767.22331753,4702602.5305323,5.82072E-4,100,0.5
324267.22331753,4702602.5305323,5.82072E-4,100,0.5
286767.22331753,4702102.5305323,5.82072E-4,100,0.5
287267.22331753,4702102.5305323,5.82072E-4,100,0.5
317267.22331753,4702102.5305323,5.82072E-4,100,0.5
317767.22331753,4702102.5305323,5.82072E-4,100,0.5
318267.22331753,4702102.5305323,5.82072E-4,100,0.5
318767.22331753,4702102.5305323,5.82072E-4,100,0.5
319267.22331753,4702102.5305323,5.82072E-4,100,0.5
319767.22331753,4702102.5305323,5.82072E-4,100,0.5
320267.22331753,4702102.5305323,5.82072E-4,100,0.5
320767.22331753,4702102.5305323,5.82072E-4,100,0.5
321267.22331753,4702102.5305323,5.82072E-4,100,0.5
321767.22331753,4702102.5305323,5.82072E-4,100,0.5
322267.22331753,4702102.5305323,5.82072E-4,100,0.5
322767.22331753,4702102.5305323,5.82072E-4,100,0.5
323767.22331753,4702102.5305323,5.82072E-4,100,0.5
287267.22331753,4701602.5305323,5.82072E-4,100,0.5
317267.22331753,4701602.5305323,5.82072E-4,100,0.5
317767.22331753,4701602.5305323,5.82072E-4,100,0.5
318267.22331753,4701602.5305323,5.82072E-4,100,0.5
318767.22331753,4701602.5305323,5.82072E-4,100,0.5
319267.22331753,4701602.5305323,5.82072E-4,100,0.5
319767.22331753,4701602.5305323,5.82072E-4,100,0.5
320267.22331753,4701602.5305323,5.82072E-4,100,0.5
320767.22331753,4701602.5305323,5.82072E-4,100,0.5
321267.22331753,4701602.5305323,5.82072E-4,100,0.5
321767.22331753,4701602.5305323,5.82072E-4,100,0.5
322267.22331753,4701602.5305323,5.82072E-4,100,0.5
322767.22331753,4701602.5305323,5.82072E-4,100,0.5
323267.22331753,4701602.5305323,5.82072E-4,100,0.5
323767.22331753,4701602.5305323,5.82072E-4,100,0.5
287267.22331753,4701102.5305323,5.82072E-4,100,0.5
317267.22331753,4701102.5305323,5.82072E-4,100,0.5
317767.22331753,4701102.5305323,5.82072E-4,100,0.5
318267.22331753,4701102.5305323,5.82072E-4,100,0.5
319767.22331753,4701102.5305323,5.82072E-4,100,0.5
320267.22331753,4701102.5305323,5.82072E-4,100,0.5
320767.22331753,4701102.5305323,5.82072E-4,100,0.5
321267.22331753,4701102.5305323,5.82072E-4,100,0.5
321767.22331753,4701102.5305323,5.82072E-4,100,0.5
322267.22331753,4701102.5305323,5.82072E-4,100,0.5
322767.22331753,4701102.5305323,5.82072E-4,100,0.5
323267.22331753,4701102.5305323,5.82072E-4,100,0.5
323767.22331753,4701102.5305323,5.82072E-4,100,0.5
287267.22331753,4700602.5305323,5.82072E-4,100,0.5
287767.22331753,4700602.5305323,5.82072E-4,100,0.5
288267.22331753,4700602.5305323,5.82072E-4,100,0.5
290267.22331753,4700602.5305323,5.82072E-4,100,0.5
317267.22331753,4700602.5305323,5.82072E-4,100,0.5
317767.22331753,4700602.5305323,5.82072E-4,100,0.5
318267.22331753,4700602.5305323,5.82072E-4,100,0.5
318767.22331753,4700602.5305323,5.82072E-4,100,0.5
319267.22331753,4700602.5305323,5.82072E-4,100,0.5
319767.22331753,4700602.5305323,5.82072E-4,100,0.5
320267.22331753,4700602.5305323,5.82072E-4,100,0.5
320767.22331753,4700602.5305323,5.82072E-4,100,0.5
321267.22331753,4700602.5305323,5.82072E-4,100,0.5
321767.22331753,4700602.5305323,5.82072E-4,100,0.5
322267.22331753,4700602.5305323,5.82072E-4,100,0.5
322767.22331753,4700602.5305323,5.82072E-4,100,0.5
323267.22331753,4700602.5305323,5.82072E-4,100,0.5
323767.22331753,4700602.5305323,5.82072E-4,100,0.5
287267.22331753,4700102.5305323,5.82072E-4,100,0.5
287767.22331753,4700102.5305323,5.82072E-4,100,0.5
288267.22331753,4700102.5305323,5.82072E-4,100,0.5
288767.22331753,4700102.5305323,5.82072E-4,100,0.5
289267.22331753,4700102.5305323,5.82072E-4,100,0.5
289767.22331753,4700102.5305323,5.82072E-4,100,0.5
290267.22331753,4700102.5305323,5.82072E-4,100,0.5
290767.22331753,4700102.5305323,5.82072E-4,100,0.5
291267.22331753,4700102.5305323,5.82072E-4,100,0.5
317267.22331753,4700102.5305323,5.82072E-4,100,0.5
318267.22331753,4700102.5305323,5.82072E-4,100,0.5
318767.22331753,4700102.5305323,5.82072E-4,100,0.5
319267.22331753,4700102.5305323,5.82072E-4,100,0.5
319767.22331753,4700102.5305323,5.82072E-4,100,0.5
320267.22331753,4700102.5305323,5.82072E-4,100,0.5
320767.22331753,4700102.5305323,5.82072E-4,100,0.5
321267.22331753,4700102.5305323,5.82072E-4,100,0.5
321767.22331753,4700102.5305323,5.82072E-4,100,0.5
322267.22331753,4700102.5305323,5.82072E-4,100,0.5
322767.22331753,4700102.5305323,5.82072E-4,100,0.5
288267.22331753,4699602.5305323,5.82072E-4,100,0.5
289267.22331753,4699602.5305323,5.82072E-4,100,0.5
289767.22331753,4699602.5305323,5.82072E-4,100,0.5
290267.22331753,4699602.5305323,5.82072E-4,100,0.5
290767.22331753,4699602.5305323,5.82072E-4,100,0.5
291267.22331753,4699602.5305323,5.82072E-4,100,0.5
317267.22331753,4699602.5305323,5.82072E-4,100,0.5
317767.22331753,4699602.5305323,5.82072E-4,100,0.5
318267.22331753,4699602.5305323,5.82072E-4,100,0.5
319267.22331753,4699602.5305323,5.82072E-4,100,0.5
319767.22331753,4699602.5305323,5.82072E-4,100,0.5
320267.22331753,4699602.5305323,5.82072E-4,100,0.5
320767.22331753,4699602.5305323,5.82072E-4,100,0.5
321267.22331753,4699602.5305323,5.82072E-4,100,0.5
321767.22331753,4699602.5305323,5.82072E-4,100,0.5
322267.22331753,4699602.5305323,5.82072E-4,100,0.5
289767.22331753,4699102.5305323,5.82072E-4,100,0.5
290267.22331753,4699102.5305323,5.82072E-4,100,0.5
290767.22331753,4699102.5305323,5.82072E-4,100,0.5
317767.22331753,4699102.5305323,5.82072E-4,100,0.5
318267.22331753,4699102.5305323,5.82072E-4,100,0.5
319767.22331753,4699102.5305323,5.82072E-4,100,0.5
320267.22331753,4699102.5305323,5.82072E-4,100,0.5
320767.22331753,4699102.5305323,5.82072E-4,100,0.5
321267.22331753,4699102.5305323,5.82072E-4,100,0.5
321767.22331753,4699102.5305323,5.82072E-4,100,0.5
322267.22331753,4699102.5305323,5.82072E-4,100,0.5
289767.22331753,4698602.5305323,5.82072E-4,100,0.5
290267.22331753,4698602.5305323,5.82072E-4,100,0.5
290767.22331753,4698602.5305323,5.82072E-4,100,0.5
317767.22331753,4698602.5305323,5.82072E-4,100,0.5
318267.22331753,4698602.5305323,5.82072E-4,100,0.5
319267.22331753,4698602.5305323,5.82072E-4,100,0.5
319767.22331753,4698602.5305323,5.82072E-4,100,0.5
320267.22331753,4698602.5305323,5.82072E-4,100,0.5
320767.22331753,4698602.5305323,5.82072E-4,100,0.5
321267.22331753,4698602.5305323,5.82072E-4,100,0.5
321767.22331753,4698602.5305323,5.82072E-4,100,0.5
322267.22331753,4698602.5305323,5.82072E-4,100,0.5
289767.22331753,4698102.5305323,5.82072E-4,100,0.5
290267.22331753,4698102.5305323,5.82072E-4,100,0.5
290767.22331753,4698102.5305323,5.82072E-4,100,0.5
318267.22331753,4698102.5305323,5.82072E-4,100,0.5
319267.22331753,4698102.5305323,5.82072E-4,100,0.5
319767.22331753,4698102.5305323,5.82072E-4,100,0.5
320267.22331753,4698102.5305323,5.82072E-4,100,0.5
320767.22331753,4698102.5305323,5.82072E-4,100,0.5
321267.22331753,4698102.5305323,5.82072E-4,100,0.5
321767.22331753,4698102.5305323,5.82072E-4,100,0.5
322267.22331753,4698102.5305323,5.82072E-4,100,0.5
322767.22331753,4698102.5305323,5.82072E-4,100,0.5
289267.22331753,4697602.5305323,5.82072E-4,100,0.5
289767.22331753,4697602.5305323,5.82072E-4,100,0.5
290267.22331753,4697602.5305323,5.82072E-4,100,0.5
290767.22331753,4697602.5305323,5.82072E-4,100,0.5
319267.22331753,4697602.5305323,5.82072E-4,100,0.5
319767.22331753,4697602.5305323,5.82072E-4,100,0.5
320267.22331753,4697602.5305323,5.82072E-4,100,0.5
320767.22331753,4697602.5305323,5.82072E-4,100,0.5
321267.22331753,4697602.5305323,5.82072E-4,100,0.5
321767.22331753,4697602.5305323,5.82072E-4,100,0.5
322267.22331753,4697602.5305323,5.82072E-4,100,0.5
322767.22331753,4697602.5305323,5.82072E-4,100,0.5
341767.22331753,4697602.5305323,5.82072E-4,100,0.5
288767.22331753,4697102.5305323,5.82072E-4,100,0.5
289267.22331753,4697102.5305323,5.82072E-4,100,0.5
289767.22331753,4697102.5305323,5.82072E-4,100,0.5
290267.22331753,4697102.5305323,5.82072E-4,100,0.5
319767.22331753,4697102.5305323,5.82072E-4,100,0.5
320267.22331753,4697102.5305323,5.82072E-4,100,0.5
320767.22331753,4697102.5305323,5.82072E-4,100,0.5
321267.22331753,4697102.5305323,5.82072E-4,100,0.5
321767.22331753,4697102.5305323,5.82072E-4,100,0.5
322267.22331753,4697102.5305323,5.82072E-4,100,0.5
340267.22331753,4697102.5305323,5.82072E-4,100,0.5
340767.22331753,4697102.5305323,5.82072E-4,100,0.5
288767.22331753,4696602.5305323,5.82072E-4,100,0.5
289267.22331753,4696602.5305323,5.82072E-4,100,0.5
289767.22331753,4696602.5305323,5.82072E-4,100,0.5
290267.22331753,4696602.5305323,5.82072E-4,100,0.5
319767.22331753,4696602.5305323,5.82072E-4,100,0.5
320267.22331753,4696602.5305323,5.82072E-4,100,0.5
320767.22331753,4696602.5305323,5.82072E-4,100,0.5
321267.22331753,4696602.5305323,5.82072E-4,100,0.5
321767.22331753,4696602.5305323,5.82072E-4,100,0.5
322267.22331753,4696602.5305323,5.82072E-4,100,0.5
322767.22331753,4696602.5305323,5.82072E-4,100,0.5
323267.22331753,4696602.5305323,5.82072E-4,100,0.5
324267.22331753,4696602.5305323,5.82072E-4,100,0.5
339767.22331753,4696602.5305323,5.82072E-4,100,0.5
288767.22331753,4696102.5305323,5.82072E-4,100,0.5
289267.22331753,4696102.5305323,5.82072E-4,100,0.5
289767.22331753,4696102.5305323,5.82072E-4,100,0.5
290267.22331753,4696102.5305323,5.82072E-4,100,0.5
290767.22331753,4696102.5305323,5.82072E-4,100,0.5
291267.22331753,4696102.5305323,5.82072E-4,100,0.5
320267.22331753,4696102.5305323,5.82072E-4,100,0.5
320767.22331753,4696102.5305323,5.82072E-4,100,0.5
321267.22331753,4696102.5305323,5.82072E-4,100,0.5
321767.22331753,4696102.5305323,5.82072E-4,100,0.5
322267.22331753,4696102.5305323,5.82072E-4,100,0.5
322767.22331753,4696102.5305323,5.82072E-4,100,0.5
323267.22331753,4696102.5305323,5.82072E-4,100,0.5
323767.22331753,4696102.5305323,5.82072E-4,100,0.5
324267.22331753,4696102.5305323,5.82072E-4,100,0.5
289267.22331753,4695602.5305323,5.82072E-4,100,0.5
289767.22331753,4695602.5305323,5.82072E-4,100,0.5
290267.22331753,4695602.5305323,5.82072E-4,100,0.5
290767.22331753,4695602.5305323,5.82072E-4,100,0.5
291267.22331753,4695602.5305323,5.82072E-4,100,0.5
321767.22331753,4695602.5305323,5.82072E-4,100,0.5
322267.22331753,4695602.5305323,5.82072E-4,100,0.5
322767.22331753,4695602.5305323,5.82072E-4,100,0.5
323767.22331753,4695602.5305323,5.82072E-4,100,0.5
325767.22331753,4695602.5305323,5.82072E-4,100,0.5
327267.22331753,4695602.5305323,5.82072E-4,100,0.5
327767.22331753,4695602.5305323,5.82072E-4,100,0.5
338767.22331753,4695602.5305323,5.82072E-4,100,0.5
289267.22331753,4695102.5305323,5.82072E-4,100,0.5
289767.22331753,4695102.5305323,5.82072E-4,100,0.5
290267.22331753,4695102.5305323,5.82072E-4,100,0.5
290767.22331753,4695102.5305323,5.82072E-4,100,0.5
291267.22331753,4695102.5305323,5.82072E-4,100,0.5
328767.22331753,4695102.5305323,5.82072E-4,100,0.5
329267.22331753,4695102.5305323,5.82072E-4,100,0.5
330267.22331753,4695102.5305323,5.82072E-4,100,0.5
337767.22331753,4695102.5305323,5.82072E-4,100,0.5
289767.22331753,4694602.5305323,5.82072E-4,100,0.5
290267.22331753,4694602.5305323,5.82072E-4,100,0.5
290767.22331753,4694602.5305323,5.82072E-4,100,0.5
291267.22331753,4694602.5305323,5.82072E-4,100,0.5
290267.22331753,4694102.5305323,5.82072E-4,100,0.5
290767.22331753,4694102.5305323,5.82072E-4,100,0.5
291267.22331753,4694102.5305323,5.82072E-4,100,0.5
331267.22331753,4694102.5305323,5.82072E-4,100,0.5
337267.22331753,4694102.5305323,5.82072E-4,100,0.5
290267.22331753,4693602.5305323,5.82072E-4,100,0.5
290767.22331753,4693602.5305323,5.82072E-4,100,0.5
291267.22331753,4693602.5305323,5.82072E-4,100,0.5
335767.22331753,4693602.5305323,5.82072E-4,100,0.5
336267.22331753,4693602.5305323,5.82072E-4,100,0.5
336767.22331753,4693602.5305323,5.82072E-4,100,0.5
290267.22331753,4693102.5305323,5.82072E-4,100,0.5
290767.22331753,4693102.5305323,5.82072E-4,100,0.5
291267.22331753,4693102.5305323,5.82072E-4,100,0.5
332767.22331753,4693102.5305323,5.82072E-4,100,0.5
333767.22331753,4693102.5305323,5.82072E-4,100,0.5
334267.22331753,4693102.5305323,5.82072E-4,100,0.5
334767.22331753,4693102.5305323,5.82072E-4,100,0.5
335267.22331753,4693102.5305323,5.82072E-4,100,0.5
335767.22331753,4693102.5305323,5.82072E-4,100,0.5
336267.22331753,4693102.5305323,5.82072E-4,100,0.5
336767.22331753,4693102.5305323,5.82072E-4,100,0.5
289767.22331753,4692602.5305323,5.82072E-4,100,0.5
290267.22331753,4692602.5305323,5.82072E-4,100,0.5
290767.22331753,4692602.5305323,5.82072E-4,100,0.5
291267.22331753,4692602.5305323,5.82072E-4,100,0.5
291767.22331753,4692602.5305323,5.82072E-4,100,0.5
333267.22331753,4692602.5305323,5.82072E-4,100,0.5
333767.22331753,4692602.5305323,5.82072E-4,100,0.5
334267.22331753,4692602.5305323,5.82072E-4,100,0.5
334767.22331753,4692602.5305323,5.82072E-4,100,0.5
335267.22331753,4692602.5305323,5.82072E-4,100,0.5
335767.22331753,4692602.5305323,5.82072E-4,100,0.5
290267.22331753,4692102.5305323,5.82072E-4,100,0.5
290767.22331753,4692102.5305323,5.82072E-4,100,0.5
291267.22331753,4692102.5305323,5.82072E-4,100,0.5
291767.22331753,4692102.5305323,5.82072E-4,100,0.5
334267.22331753,4692102.5305323,5.82072E-4,100,0.5
334767.22331753,4692102.5305323,5.82072E-4,100,0.5
335267.22331753,4692102.5305323,5.82072E-4,100,0.5
290267.22331753,4691602.5305323,5.82072E-4,100,0.5
290767.22331753,4691602.5305323,5.82072E-4,100,0.5
291267.22331753,4691602.5305323,5.82072E-4,100,0.5
291767.22331753,4691602.5305323,5.82072E-4,100,0.5
290767.22331753,4691102.5305323,5.82072E-4,100,0.5
291267.22331753,4691102.5305323,5.82072E-4,100,0.5
290767.22331753,4690602.5305323,5.82072E-4,100,0.5
291267.22331753,4690602.5305323,5.82072E-4,100,0.5
292267.22331753,4690602.5305323,5.82072E-4,100,0.5
290767.22331753,4690102.5305323,5.82072E-4,100,0.5
291267.22331753,4690102.5305323,5.82072E-4,100,0.5
291267.22331753,4689602.5305323,5.82072E-4,100,0.5
291767.22331753,4689102.5305323,5.82072E-4,100,0.5
292267.22331753,4688602.5305323,5.82072E-4,100,0.5
292767.22331753,4688602.5305323,5.82072E-4,100,0.5
291767.22331753,4688102.5305323,5.82072E-4,100,0.5
292267.22331753,4688102.5305323,5.82072E-4,100,0.5
292767.22331753,4688102.5305323,5.82072E-4,100,0.5
292267.22331753,4687602.5305323,5.82072E-4,100,0.5
289767.22331753,4687102.5305323,5.82072E-4,100,0.5
290267.22331753,4687102.5305323,5.82072E-4,100,0.5
290767.22331753,4687102.5305323,5.82072E-4,100,0.5
291267.22331753,4687102.5305323,5.82072E-4,100,0.5
291767.22331753,4687102.5305323,5.82072E-4,100,0.5
292267.22331753,4687102.5305323,5.82072E-4,100,0.5
289267.22331753,4686602.5305323,5.82072E-4,100,0.5
291767.22331753,4686602.5305323,5.82072E-4,100,0.5
292267.22331753,4686602.5305323,5.82072E-4,100,0.5
292767.22331753,4686102.5305323,5.82072E-4,100,0.5
293767.22331753,4685602.5305323,5.82072E-4,100,0.5
294267.22331753,4685602.5305323,5.82072E-4,100,0.5
294767.22331753,4685602.5305323,5.82072E-4,100,0.5
295267.22331753,4685602.5305323,5.82072E-4,100,0.5
295767.22331753,4685602.5305323,5.82072E-4,100,0.5
296767.22331753,4685602.5305323,5.82072E-4,100,0.5
293767.22331753,4685102.5305323,5.82072E-4,100,0.5
294267.22331753,4685102.5305323,5.82072E-4,100,0.5
294767.22331753,4685102.5305323,5.82072E-4,100,0.5
295267.22331753,4685102.5305323,5.82072E-4,100,0.5
295767.22331753,4685102.5305323,5.82072E-4,100,0.5
296267.22331753,4685102.5305323,5.82072E-4,100,0.5
296767.22331753,4685102.5305323,5.82072E-4,100,0.5
297267.22331753,4685102.5305323,5.82072E-4,100,0.5
297767.22331753,4685102.5305323,5.82072E-4,100,0.5
294267.22331753,4684602.5305323,5.82072E-4,100,0.5
294767.22331753,4684602.5305323,5.82072E-4,100,0.5
295267.22331753,4684602.5305323,5.82072E-4,100,0.5
296267.22331753,4684602.5305323,5.82072E-4,100,0.5
296767.22331753,4684602.5305323,5.82072E-4,100,0.5
297267.22331753,4684602.5305323,5.82072E-4,100,0.5
297767.22331753,4684602.5305323,5.82072E-4,100,0.5
298267.22331753,4684602.5305323,5.82072E-4,100,0.5
298767.22331753,4684602.5305323,5.82072E-4,100,0.5
299267.22331753,4684602.5305323,5.82072E-4,100,0.5
299767.22331753,4684602.5305323,5.82072E-4,100,0.5
296767.22331753,4684102.5305323,5.82072E-4,100,0.5
297267.22331753,4684102.5305323,5.82072E-4,100,0.5
297767.22331753,4684102.5305323,5.82072E-4,100,0.5
298267.22331753,4684102.5305323,5.82072E-4,100,0.5
298767.22331753,4684102.5305323,5.82072E-4,100,0.5
299267.22331753,4684102.5305323,5.82072E-4,100,0.5
299767.22331753,4684102.5305323,5.82072E-4,100,0.5
300267.22331753,4684102.5305323,5.82072E-4,100,0.5
300767.22331753,4684102.5305323,5.82072E-4,100,0.5
296767.22331753,4683602.5305323,5.82072E-4,100,0.5
297267.22331753,4683602.5305323,5.82072E-4,100,0.5
297767.22331753,4683602.5305323,5.82072E-4,100,0.5
298267.22331753,4683602.5305323,5.82072E-4,100,0.5
298767.22331753,4683602.5305323,5.82072E-4,100,0.5
299267.22331753,4683602.5305323,5.82072E-4,100,0.5
300267.22331753,4683602.5305323,5.82072E-4,100,0.5
301267.22331753,4683602.5305323,5.82072E-4,100,0.5
301767.22331753,4683602.5305323,5.82072E-4,100,0.5
297267.22331753,4683102.5305323,5.82072E-4,100,0.5
297767.22331753,4683102.5305323,5.82072E-4,100,0.5
298267.22331753,4683102.5305323,5.82072E-4,100,0.5
298767.22331753,4683102.5305323,5.82072E-4,100,0.5
299267.22331753,4683102.5305323,5.82072E-4,100,0.5
299767.22331753,4683102.5305323,5.82072E-4,100,0.5
300267.22331753,4683102.5305323,5.82072E-4,100,0.5
300767.22331753,4683102.5305323,5.82072E-4,100,0.5
301267.22331753,4683102.5305323,5.82072E-4,100,0.5
301767.22331753,4683102.5305323,5.82072E-4,100,0.5
302267.22331753,4683102.5305323,5.82072E-4,100,0.5
302767.22331753,4683102.5305323,5.82072E-4,100,0.5
298267.22331753,4682602.5305323,5.82072E-4,100,0.5
298767.22331753,4682602.5305323,5.82072E-4,100,0.5
299267.22331753,4682602.5305323,5.82072E-4,100,0.5
299767.22331753,4682602.5305323,5.82072E-4,100,0.5
300267.22331753,4682602.5305323,5.82072E-4,100,0.5
300767.22331753,4682602.5305323,5.82072E-4,100,0.5
301267.22331753,4682602.5305323,5.82072E-4,100,0.5
301767.22331753,4682602.5305323,5.82072E-4,100,0.5
302267.22331753,4682602.5305323,5.82072E-4,100,0.5
302767.22331753,4682602.5305323,5.82072E-4,100,0.5
299267.22331753,4682102.5305323,5.82072E-4,100,0.5
299767.22331753,4682102.5305323,5.82072E-4,100,0.5
300267.22331753,4682102.5305323,5.82072E-4,100,0.5
300767.22331753,4682102.5305323,5.82072E-4,100,0.5
301267.22331753,4682102.5305323,5.82072E-4,100,0.5
301767.22331753,4682102.5305323,5.82072E-4,100,0.5
302267.22331753,4682102.5305323,5.82072E-4,100,0.5
302767.22331753,4682102.5305323,5.82072E-4,100,0.5
300767.22331753,4681602.5305323,5.82072E-4,100,0.5
301267.22331753,4681602.5305323,5.82072E-4,100,0.5
301767.22331753,4681602.5305323,5.82072E-4,100,0.5
302267.22331753,4681602.5305323,5.82072E-4,100,0.5
302767.22331753,4681602.5305323,5.82072E-4,100,0.5
303267.22331753,4681602.5305323,5.82072E-4,100,0.5
303767.22331753,4681602.5305323,5.82072E-4,100,0.5
302767.22331753,4681102.5305323,5.82072E-4,100,0.5
303267.22331753,4681102.5305323,5.82072E-4,100,0.5
303767.22331753,4681102.5305323,5.82072E-4,100,0.5
303267.22331753,4680602.5305323,5.82072E-4,100,0.5
303767.22331753,4680602.5305323,5.82072E-4,100,0.5
304267.22331753,4680602.5305323,5.82072E-4,100,0.5
303767.22331753,4680102.5305323,5.82072E-4,100,0.5
304267.22331753,4680102.5305323,5.82072E-4,100,0.5
304767.22331753,4680102.5305323,5.82072E-4,100,0.5
303767.22331753,4679602.5305323,5.82072E-4,100,0.5
304267.22331753,4679602.5305323,5.82072E-4,100,0.5
304267.22331753,4679102.5305323,5.82072E-4,100,0.5
304767.22331753,4679102.5305323,5.82072E-4,100,0.5
304267.22331753,4678602.5305323,5.82072E-4,100,0.5
302267.22331753,4678102.5305323,5.82072E-4,100,0.5
302767.22331753,4678102.5305323,5.82072E-4,100,0.5
303267.22331753,4678102.5305323,5.82072E-4,100,0.5
302267.22331753,4677602.5305323,5.82072E-4,100,0.5
303267.22331753,4677602.5305323,5.82072E-4,100,0.5
303767.22331753,4677602.5305323,5.82072E-4,100,0.5
304267.22331753,4677602.5305323,5.82072E-4,100,0.5
302267.22331753,4677102.5305323,5.82072E-4,100,0.5
303767.22331753,4677102.5305323,5.82072E-4,100,0.5
304267.22331753,4677102.5305323,5.82072E-4,100,0.5
302267.22331753,4676602.5305323,5.82072E-4,100,0.5
302267.22331753,4676102.5305323,5.82072E-4,100,0.5
303267.22331753,4676102.5305323,5.82072E-4,100,0.5
303767.22331753,4676102.5305323,5.82072E-4,100,0.5
302767.22331753,4675602.5305323,5.82072E-4,100,0.5
302767.22331753,4675102.5305323,5.82072E-4,100,0.5
302767.22331753,4674602.5305323,5.82072E-4,100,0.5
302267.22331753,4673602.5305323,5.82072E-4,100,0.5
302767.22331753,4673602.5305323,5.82072E-4,100,0.5
302767.22331753,4673102.5305323,5.82072E-4,100,0.5
303267.22331753,4673102.5305323,5.82072E-4,100,0.5
302767.22331753,4672602.5305323,5.82072E-4,100,0.5
303267.22331753,4672602.5305323,5.82072E-4,100,0.5
303767.22331753,4672102.5305323,5.82072E-4,100,0.5
303767.22331753,4671602.5305323,5.82072E-4,100,0.5
304267.22331753,4671602.5305323,5.82072E-4,100,0.5
304267.22331753,4671102.5305323,5.82072E-4,100,0.5
304767.22331753,4671102.5305323,5.82072E-4,100,0.5
304267.22331753,4670602.5305323,5.82072E-4,100,0.5
304767.22331753,4670602.5305323,5.82072E-4,100,0.5
305267.22331753,4670602.5305323,5.82072E-4,100,0.5
304267.22331753,4670102.5305323,5.82072E-4,100,0.5
304767.22331753,4670102.5305323,5.82072E-4,100,0.5
305267.22331753,4670102.5305323,5.82072E-4,100,0.5
304267.22331753,4669602.5305323,5.82072E-4,100,0.5
304767.22331753,4669602.5305323,5.82072E-4,100,0.5
305267.22331753,4669602.5305323,5.82072E-4,100,0.5
304767.22331753,4669102.5305323,5.82072E-4,100,0.5
305267.22331753,4669102.5305323,5.82072E-4,100,0.5
303267.22331753,4668602.5305323,5.82072E-4,100,0.5
303767.22331753,4668602.5305323,5.82072E-4,100,0.5
304267.22331753,4668602.5305323,5.82072E-4,100,0.5
304767.22331753,4668602.5305323,5.82072E-4,100,0.5
303267.22331753,4668102.5305323,5.82072E-4,100,0.5
303767.22331753,4668102.5305323,5.82072E-4,100,0.5
304267.22331753,4668102.5305323,5.82072E-4,100,0.5
304767.22331753,4668102.5305323,5.82072E-4,100,0.5
302767.22331753,4667602.5305323,5.82072E-4,100,0.5
303267.22331753,4667602.5305323,5.82072E-4,100,0.5
303767.22331753,4667602.5305323,5.82072E-4,100,0.5
304267.22331753,4667602.5305323,5.82072E-4,100,0.5
304767.22331753,4667602.5305323,5.82072E-4,100,0.5
302267.22331753,4667102.5305323,5.82072E-4,100,0.5
302767.22331753,4667102.5305323,5.82072E-4,100,0.5
303267.22331753,4667102.5305323,5.82072E-4,100,0.5
303767.22331753,4667102.5305323,5.82072E-4,100,0.5
304267.22331753,4667102.5305323,5.82072E-4,100,0.5
304767.22331753,4667102.5305323,5.82072E-4,100,0.5
305267.22331753,4667102.5305323,5.82072E-4,100,0.5
302267.22331753,4666602.5305323,5.82072E-4,100,0.5
302767.22331753,4666602.5305323,5.82072E-4,100,0.5
303267.22331753,4666602.5305323,5.82072E-4,100,0.5
303767.22331753,4666602.5305323,5.82072E-4,100,0.5
304267.22331753,4666602.5305323,5.82072E-4,100,0.5
304767.22331753,4666602.5305323,5.82072E-4,100,0.5
301767.22331753,4666102.5305323,5.82072E-4,100,0.5
302267.22331753,4666102.5305323,5.82072E-4,100,0.5
302767.22331753,4666102.5305323,5.82072E-4,100,0.5
303267.22331753,4666102.5305323,5.82072E-4,100,0.5
303767.22331753,4666102.5305323,5.82072E-4,100,0.5
304267.22331753,4666102.5305323,5.82072E-4,100,0.5
304767.22331753,4666102.5305323,5.82072E-4,100,0.5
301767.22331753,4665602.5305323,5.82072E-4,100,0.5
302267.22331753,4665602.5305323,5.82072E-4,100,0.5
302767.22331753,4665602.5305323,5.82072E-4,100,0.5
303267.22331753,4665602.5305323,5.82072E-4,100,0.5
303767.22331753,4665602.5305323,5.82072E-4,100,0.5
304267.22331753,4665602.5305323,5.82072E-4,100,0.5
304767.22331753,4665602.5305323,5.82072E-4,100,0.5
300767.22331753,4665102.5305323,5.82072E-4,100,0.5
301267.22331753,4665102.5305323,5.82072E-4,100,0.5
301767.22331753,4665102.5305323,5.82072E-4,100,0.5
302267.22331753,4665102.5305323,5.82072E-4,100,0.5
302767.22331753,4665102.5305323,5.82072E-4,100,0.5
303267.22331753,4665102.5305323,5.82072E-4,100,0.5
303767.22331753,4665102.5305323,5.82072E-4,100,0.5
304267.22331753,4665102.5305323,5.82072E-4,100,0.5
300267.22331753,4664602.5305323,5.82072E-4,100,0.5
300767.22331753,4664602.5305323,5.82072E-4,100,0.5
301267.22331753,4664602.5305323,5.82072E-4,100,0.5
301767.22331753,4664602.5305323,5.82072E-4,100,0.5
302267.22331753,4664602.5305323,5.82072E-4,100,0.5
302767.22331753,4664602.5305323,5.82072E-4,100,0.5
303267.22331753,4664602.5305323,5.82072E-4,100,0.5
303767.22331753,4664602.5305323,5.82072E-4,100,0.5
304267.22331753,4664602.5305323,5.82072E-4,100,0.5
304767.22331753,4664602.5305323,5.82072E-4,100,0.5
300267.22331753,4664102.5305323,5.82072E-4,100,0.5
300767.22331753,4664102.5305323,5.82072E-4,100,0.5
301267.22331753,4664102.5305323,5.82072E-4,100,0.5
301767.22331753,4664102.5305323,5.82072E-4,100,0.5
302267.22331753,4664102.5305323,5.82072E-4,100,0.5
302767.22331753,4664102.5305323,5.82072E-4,100,0.5
303267.22331753,4664102.5305323,5.82072E-4,100,0.5
303767.22331753,4664102.5305323,5.82072E-4,100,0.5
299767.22331753,4663602.5305323,5.82072E-4,100,0.5
300267.22331753,4663602.5305323,5.82072E-4,100,0.5
300767.22331753,4663602.5305323,5.82072E-4,100,0.5
301267.22331753,4663602.5305323,5.82072E-4,100,0.5
301767.22331753,4663602.5305323,5.82072E-4,100,0.5
302267.22331753,4663602.5305323,5.82072E-4,100,0.5
302767.22331753,4663602.5305323,5.82072E-4,100,0.5
303767.22331753,4663602.5305323,5.82072E-4,100,0.5
299267.22331753,4663102.5305323,5.82072E-4,100,0.5
299767.22331753,4663102.5305323,5.82072E-4,100,0.5
300267.22331753,4663102.5305323,5.82072E-4,100,0.5
300767.22331753,4663102.5305323,5.82072E-4,100,0.5
301267.22331753,4663102.5305323,5.82072E-4,100,0.5
301767.22331753,4663102.5305323,5.82072E-4,100,0.5
302267.22331753,4663102.5305323,5.82072E-4,100,0.5
302767.22331753,4663102.5305323,5.82072E-4,100,0.5
303267.22331753,4663102.5305323,5.82072E-4,100,0.5
299267.22331753,4662602.5305323,5.82072E-4,100,0.5
299767.22331753,4662602.5305323,5.82072E-4,100,0.5
300267.22331753,4662602.5305323,5.82072E-4,100,0.5
300767.22331753,4662602.5305323,5.82072E-4,100,0.5
301267.22331753,4662602.5305323,5.82072E-4,100,0.5
301767.22331753,4662602.5305323,5.82072E-4,100,0.5
302267.22331753,4662602.5305323,5.82072E-4,100,0.5
302767.22331753,4662602.5305323,5.82072E-4,100,0.5
303267.22331753,4662602.5305323,5.82072E-4,100,0.5
298267.22331753,4662102.5305323,5.82072E-4,100,0.5
298767.22331753,4662102.5305323,5.82072E-4,100,0.5
299267.22331753,4662102.5305323,5.82072E-4,100,0.5
299767.22331753,4662102.5305323,5.82072E-4,100,0.5
300267.22331753,4662102.5305323,5.82072E-4,100,0.5
300767.22331753,4662102.5305323,5.82072E-4,100,0.5
301267.22331753,4662102.5305323,5.82072E-4,100,0.5
301767.22331753,4662102.5305323,5.82072E-4,100,0.5
302267.22331753,4662102.5305323,5.82072E-4,100,0.5
297767.22331753,4661602.5305323,5.82072E-4,100,0.5
298267.22331753,4661602.5305323,5.82072E-4,100,0.5
298767.22331753,4661602.5305323,5.82072E-4,100,0.5
299267.22331753,4661602.5305323,5.82072E-4,100,0.5
299767.22331753,4661602.5305323,5.82072E-4,100,0.5
300267.22331753,4661602.5305323,5.82072E-4,100,0.5
300767.22331753,4661602.5305323,5.82072E-4,100,0.5
301267.22331753,4661602.5305323,5.82072E-4,100,0.5
301767.22331753,4661602.5305323,5.82072E-4,100,0.5
297267.22331753,4661102.5305323,5.82072E-4,100,0.5
297767.22331753,4661102.5305323,5.82072E-4,100,0.5
298267.22331753,4661102.5305323,5.82072E-4,100,0.5
298767.22331753,4661102.5305323,5.82072E-4,100,0.5
299267.22331753,4661102.5305323,5.82072E-4,100,0.5
299767.22331753,4661102.5305323,5.82072E-4,100,0.5
300267.22331753,4661102.5305323,5.82072E-4,100,0.5
300767.22331753,4661102.5305323,5.82072E-4,100,0.5
301267.22331753,4661102.5305323,5.82072E-4,100,0.5
301767.22331753,4661102.5305323,5.82072E-4,100,0.5
296767.22331753,4660602.5305323,5.82072E-4,100,0.5
297267.22331753,4660602.5305323,5.82072E-4,100,0.5
297767.22331753,4660602.5305323,5.82072E-4,100,0.5
298267.22331753,4660602.5305323,5.82072E-4,100,0.5
298767.22331753,4660602.5305323,5.82072E-4,100,0.5
299267.22331753,4660602.5305323,5.82072E-4,100,0.5
299767.22331753,4660602.5305323,5.82072E-4,100,0.5
300267.22331753,4660602.5305323,5.82072E-4,100,0.5
300767.22331753,4660602.5305323,5.82072E-4,100,0.5
301267.22331753,4660602.5305323,5.82072E-4,100,0.5
296267.22331753,4660102.5305323,5.82072E-4,100,0.5
296767.22331753,4660102.5305323,5.82072E-4,100,0.5
297267.22331753,4660102.5305323,5.82072E-4,100,0.5
297767.22331753,4660102.5305323,5.82072E-4,100,0.5
298267.22331753,4660102.5305323,5.82072E-4,100,0.5
298767.22331753,4660102.5305323,5.82072E-4,100,0.5
299267.22331753,4660102.5305323,5.82072E-4,100,0.5
299767.22331753,4660102.5305323,5.82072E-4,100,0.5
300267.22331753,4660102.5305323,5.82072E-4,100,0.5
300767.22331753,4660102.5305323,5.82072E-4,100,0.5
301267.22331753,4660102.5305323,5.82072E-4,100,0.5
295767.22331753,4659602.5305323,5.82072E-4,100,0.5
296267.22331753,4659602.5305323,5.82072E-4,100,0.5
296767.22331753,4659602.5305323,5.82072E-4,100,0.5
297267.22331753,4659602.5305323,5.82072E-4,100,0.5
297767.22331753,4659602.5305323,5.82072E-4,100,0.5
298267.22331753,4659602.5305323,5.82072E-4,100,0.5
298767.22331753,4659602.5305323,5.82072E-4,100,0.5
299267.22331753,4659602.5305323,5.82072E-4,100,0.5
299767.22331753,4659602.5305323,5.82072E-4,100,0.5
300267.22331753,4659602.5305323,5.82072E-4,100,0.5
300767.22331753,4659602.5305323,5.82072E-4,100,0.5
295767.22331753,4659102.5305323,5.82072E-4,100,0.5
296267.22331753,4659102.5305323,5.82072E-4,100,0.5
296767.22331753,4659102.5305323,5.82072E-4,100,0.5
297267.22331753,4659102.5305323,5.82072E-4,100,0.5
297767.22331753,4659102.5305323,5.82072E-4,100,0.5
298267.22331753,4659102.5305323,5.82072E-4,100,0.5
298767.22331753,4659102.5305323,5.82072E-4,100,0.5
299267.22331753,4659102.5305323,5.82072E-4,100,0.5
299767.22331753,4659102.5305323,5.82072E-4,100,0.5
300267.22331753,4659102.5305323,5.82072E-4,100,0.5
295267.22331753,4658602.5305323,5.82072E-4,100,0.5
295767.22331753,4658602.5305323,5.82072E-4,100,0.5
296267.22331753,4658602.5305323,5.82072E-4,100,0.5
296767.22331753,4658602.5305323,5.82072E-4,100,0.5
297267.22331753,4658602.5305323,5.82072E-4,100,0.5
297767.22331753,4658602.5305323,5.82072E-4,100,0.5
298267.22331753,4658602.5305323,5.82072E-4,100,0.5
298767.22331753,4658602.5305323,5.82072E-4,100,0.5
299267.22331753,4658602.5305323,5.82072E-4,100,0.5
294767.22331753,4658102.5305323,5.82072E-4,100,0.5
295267.22331753,4658102.5305323,5.82072E-4,100,0.5
295767.22331753,4658102.5305323,5.82072E-4,100,0.5
296267.22331753,4658102.5305323,5.82072E-4,100,0.5
296767.22331753,4658102.5305323,5.82072E-4,100,0.5
297267.22331753,4658102.5305323,5.82072E-4,100,0.5
297767.22331753,4658102.5305323,5.82072E-4,100,0.5
298267.22331753,4658102.5305323,5.82072E-4,100,0.5
298767.22331753,4658102.5305323,5.82072E-4,100,0.5
294767.22331753,4657602.5305323,5.82072E-4,100,0.5
295267.22331753,4657602.5305323,5.82072E-4,100,0.5
296267.22331753,4657602.5305323,5.82072E-4,100,0.5
296767.22331753,4657602.5305323,5.82072E-4,100,0.5
297267.22331753,4657602.5305323,5.82072E-4,100,0.5
297767.22331753,4657602.5305323,5.82072E-4,100,0.5
298267.22331753,4657602.5305323,5.82072E-4,100,0.5
294267.22331753,4657102.5305323,5.82072E-4,100,0.5
294767.22331753,4657102.5305323,5.82072E-4,100,0.5
295267.22331753,4657102.5305323,5.82072E-4,100,0.5
295767.22331753,4657102.5305323,5.82072E-4,100,0.5
296267.22331753,4657102.5305323,5.82072E-4,100,0.5
296767.22331753,4657102.5305323,5.82072E-4,100,0.5
297267.22331753,4657102.5305323,5.82072E-4,100,0.5
297767.22331753,4657102.5305323,5.82072E-4,100,0.5
293767.22331753,4656602.5305323,5.82072E-4,100,0.5
294267.22331753,4656602.5305323,5.82072E-4,100,0.5
294767.22331753,4656602.5305323,5.82072E-4,100,0.5
295267.22331753,4656602.5305323,5.82072E-4,100,0.5
295767.22331753,4656602.5305323,5.82072E-4,100,0.5
296267.22331753,4656602.5305323,5.82072E-4,100,0.5
296767.22331753,4656602.5305323,5.82072E-4,100,0.5
297267.22331753,4656602.5305323,5.82072E-4,100,0.5
293767.22331753,4656102.5305323,5.82072E-4,100,0.5
294267.22331753,4656102.5305323,5.82072E-4,100,0.5
294767.22331753,4656102.5305323,5.82072E-4,100,0.5
295267.22331753,4656102.5305323,5.82072E-4,100,0.5
295767.22331753,4656102.5305323,5.82072E-4,100,0.5
296267.22331753,4656102.5305323,5.82072E-4,100,0.5
296767.22331753,4656102.5305323,5.82072E-4,100,0.5
293767.22331753,4655602.5305323,5.82072E-4,100,0.5
294267.22331753,4655602.5305323,5.82072E-4,100,0.5
294767.22331753,4655602.5305323,5.82072E-4,100,0.5
295267.22331753,4655602.5305323,5.82072E-4,100,0.5
295767.22331753,4655602.5305323,5.82072E-4,100,0.5
293767.22331753,4655102.5305323,5.82072E-4,100,0.5
294267.22331753,4655102.5305323,5.82072E-4,100,0.5
294767.22331753,4655102.5305323,5.82072E-4,100,0.5
295267.22331753,4655102.5305323,5.82072E-4,100,0.5
295767.22331753,4655102.5305323,5.82072E-4,100,0.5
293767.22331753,4654602.5305323,5.82072E-4,100,0.5
294267.22331753,4654602.5305323,5.82072E-4,100,0.5
294767.22331753,4654602.5305323,5.82072E-4,100,0.5
295267.22331753,4654602.5305323,5.82072E-4,100,0.5
329267.22331753,4654602.5305323,5.82072E-4,100,0.5
332767.22331753,4654602.5305323,5.82072E-4,100,0.5
293267.22331753,4654102.5305323,5.82072E-4,100,0.5
293767.22331753,4654102.5305323,5.82072E-4,100,0.5
294267.22331753,4654102.5305323,5.82072E-4,100,0.5
333267.22331753,4654102.5305323,5.82072E-4,100,0.5
291767.22331753,4653602.5305323,5.82072E-4,100,0.5
293267.22331753,4653602.5305323,5.82072E-4,100,0.5
293767.22331753,4653602.5305323,5.82072E-4,100,0.5
294267.22331753,4653602.5305323,5.82072E-4,100,0.5
325767.22331753,4653602.5305323,5.82072E-4,100,0.5
333767.22331753,4653602.5305323,5.82072E-4,100,0.5
334267.22331753,4653602.5305323,5.82072E-4,100,0.5
334767.22331753,4653602.5305323,5.82072E-4,100,0.5
335267.22331753,4653602.5305323,5.82072E-4,100,0.5
291267.22331753,4653102.5305323,5.82072E-4,100,0.5
291767.22331753,4653102.5305323,5.82072E-4,100,0.5
293267.22331753,4653102.5305323,5.82072E-4,100,0.5
293767.22331753,4653102.5305323,5.82072E-4,100,0.5
294267.22331753,4653102.5305323,5.82072E-4,100,0.5
334267.22331753,4653102.5305323,5.82072E-4,100,0.5
334767.22331753,4653102.5305323,5.82072E-4,100,0.5
335267.22331753,4653102.5305323,5.82072E-4,100,0.5
292267.22331753,4652602.5305323,5.82072E-4,100,0.5
292767.22331753,4652602.5305323,5.82072E-4,100,0.5
293267.22331753,4652602.5305323,5.82072E-4,100,0.5
293767.22331753,4652602.5305323,5.82072E-4,100,0.5
294267.22331753,4652602.5305323,5.82072E-4,100,0.5
334767.22331753,4652602.5305323,5.82072E-4,100,0.5
335267.22331753,4652602.5305323,5.82072E-4,100,0.5
335767.22331753,4652602.5305323,5.82072E-4,100,0.5
336267.22331753,4652602.5305323,5.82072E-4,100,0.5
290267.22331753,4652102.5305323,5.82072E-4,100,0.5
292767.22331753,4652102.5305323,5.82072E-4,100,0.5
293267.22331753,4652102.5305323,5.82072E-4,100,0.5
294267.22331753,4652102.5305323,5.82072E-4,100,0.5
324267.22331753,4652102.5305323,5.82072E-4,100,0.5
334767.22331753,4652102.5305323,5.82072E-4,100,0.5
335267.22331753,4652102.5305323,5.82072E-4,100,0.5
336267.22331753,4652102.5305323,5.82072E-4,100,0.5
290767.22331753,4651602.5305323,5.82072E-4,100,0.5
291267.22331753,4651602.5305323,5.82072E-4,100,0.5
291767.22331753,4651602.5305323,5.82072E-4,100,0.5
292767.22331753,4651602.5305323,5.82072E-4,100,0.5
293267.22331753,4651602.5305323,5.82072E-4,100,0.5
293767.22331753,4651602.5305323,5.82072E-4,100,0.5
294267.22331753,4651602.5305323,5.82072E-4,100,0.5
293267.22331753,4651102.5305323,5.82072E-4,100,0.5
293267.22331753,4650602.5305323,5.82072E-4,100,0.5
323267.22331753,4650602.5305323,5.82072E-4,100,0.5
336267.22331753,4650602.5305323,5.82072E-4,100,0.5
293267.22331753,4650102.5305323,5.82072E-4,100,0.5
336267.22331753,4650102.5305323,5.82072E-4,100,0.5
336767.22331753,4650102.5305323,5.82072E-4,100,0.5
292767.22331753,4649602.5305323,5.82072E-4,100,0.5
320767.22331753,4649602.5305323,5.82072E-4,100,0.5
336267.22331753,4649602.5305323,5.82072E-4,100,0.5
292767.22331753,4649102.5305323,5.82072E-4,100,0.5
293267.22331753,4649102.5305323,5.82072E-4,100,0.5
336767.22331753,4649102.5305323,5.82072E-4,100,0.5
317267.22331753,4648602.5305323,5.82072E-4,100,0.5
337267.22331753,4648602.5305323,5.82072E-4,100,0.5
320267.22331753,4648102.5305323,5.82072E-4,100,0.5
291267.22331753,4647602.5305323,5.82072E-4,100,0.5
314767.22331753,4647602.5305323,5.82072E-4,100,0.5
319767.22331753,4647602.5305323,5.82072E-4,100,0.5
337767.22331753,4647602.5305323,5.82072E-4,100,0.5
292767.22331753,4647102.5305323,5.82072E-4,100,0.5
314267.22331753,4647102.5305323,5.82072E-4,100,0.5
292767.22331753,4646602.5305323,5.82072E-4,100,0.5
314267.22331753,4646602.5305323,5.82072E-4,100,0.5
301267.22331753,4646102.5305323,5.82072E-4,100,0.5
312767.22331753,4646102.5305323,5.82072E-4,100,0.5
313267.22331753,4646102.5305323,5.82072E-4,100,0.5
313767.22331753,4646102.5305323,5.82072E-4,100,0.5
338767.22331753,4646102.5305323,5.82072E-4,100,0.5
289767.22331753,4645602.5305323,5.82072E-4,100,0.5
291267.22331753,4645602.5305323,5.82072E-4,100,0.5
295267.22331753,4645602.5305323,5.82072E-4,100,0.5
300767.22331753,4645602.5305323,5.82072E-4,100,0.5
308267.22331753,4645602.5305323,5.82072E-4,100,0.5
308767.22331753,4645602.5305323,5.82072E-4,100,0.5
312267.22331753,4645602.5305323,5.82072E-4,100,0.5
339267.22331753,4645602.5305323,5.82072E-4,100,0.5
295267.22331753,4645102.5305323,5.82072E-4,100,0.5
296267.22331753,4645102.5305323,5.82072E-4,100,0.5
300267.22331753,4645102.5305323,5.82072E-4,100,0.5
300767.22331753,4645102.5305323,5.82072E-4,100,0.5
307267.22331753,4645102.5305323,5.82072E-4,100,0.5
307767.22331753,4645102.5305323,5.82072E-4,100,0.5
308267.22331753,4645102.5305323,5.82072E-4,100,0.5
308767.22331753,4645102.5305323,5.82072E-4,100,0.5
309267.22331753,4645102.5305323,5.82072E-4,100,0.5
309767.22331753,4645102.5305323,5.82072E-4,100,0.5
311767.22331753,4645102.5305323,5.82072E-4,100,0.5
339267.22331753,4645102.5305323,5.82072E-4,100,0.5
289267.22331753,4644602.5305323,5.82072E-4,100,0.5
295267.22331753,4644602.5305323,5.82072E-4,100,0.5
295767.22331753,4644602.5305323,5.82072E-4,100,0.5
296267.22331753,4644602.5305323,5.82072E-4,100,0.5
297267.22331753,4644602.5305323,5.82072E-4,100,0.5
299767.22331753,4644602.5305323,5.82072E-4,100,0.5
306267.22331753,4644602.5305323,5.82072E-4,100,0.5
307267.22331753,4644602.5305323,5.82072E-4,100,0.5
307767.22331753,4644602.5305323,5.82072E-4,100,0.5
308767.22331753,4644602.5305323,5.82072E-4,100,0.5
309767.22331753,4644602.5305323,5.82072E-4,100,0.5
310267.22331753,4644602.5305323,5.82072E-4,100,0.5
310767.22331753,4644602.5305323,5.82072E-4,100,0.5
311267.22331753,4644602.5305323,5.82072E-4,100,0.5
311767.22331753,4644602.5305323,5.82072E-4,100,0.5
312267.22331753,4644602.5305323,5.82072E-4,100,0.5
295267.22331753,4644102.5305323,5.82072E-4,100,0.5
297267.22331753,4644102.5305323,5.82072E-4,100,0.5
297767.22331753,4644102.5305323,5.82072E-4,100,0.5
299267.22331753,4644102.5305323,5.82072E-4,100,0.5
301267.22331753,4644102.5305323,5.82072E-4,100,0.5
301767.22331753,4644102.5305323,5.82072E-4,100,0.5
302267.22331753,4644102.5305323,5.82072E-4,100,0.5
306767.22331753,4644102.5305323,5.82072E-4,100,0.5
311267.22331753,4644102.5305323,5.82072E-4,100,0.5
311767.22331753,4644102.5305323,5.82072E-4,100,0.5
290267.22331753,4643602.5305323,5.82072E-4,100,0.5
295267.22331753,4643602.5305323,5.82072E-4,100,0.5
299767.22331753,4643602.5305323,5.82072E-4,100,0.5
302767.22331753,4643602.5305323,5.82072E-4,100,0.5
303267.22331753,4643602.5305323,5.82072E-4,100,0.5
303767.22331753,4643602.5305323,5.82072E-4,100,0.5
304267.22331753,4643602.5305323,5.82072E-4,100,0.5
305767.22331753,4643602.5305323,5.82072E-4,100,0.5
306767.22331753,4643602.5305323,5.82072E-4,100,0.5
311767.22331753,4643602.5305323,5.82072E-4,100,0.5
312267.22331753,4643602.5305323,5.82072E-4,100,0.5
290267.22331753,4643102.5305323,5.82072E-4,100,0.5
299267.22331753,4643102.5305323,5.82072E-4,100,0.5
299767.22331753,4643102.5305323,5.82072E-4,100,0.5
300267.22331753,4643102.5305323,5.82072E-4,100,0.5
340267.22331753,4643102.5305323,5.82072E-4,100,0.5
341267.22331753,4643102.5305323,5.82072E-4,100,0.5
290267.22331753,4642102.5305323,5.82072E-4,100,0.5
290767.22331753,4640602.5305323,5.82072E-4,100,0.5
290767.22331753,4640102.5305323,5.82072E-4,100,0.5
290267.22331753,4639602.5305323,5.82072E-4,100,0.5
289267.22331753,4637102.5305323,5.82072E-4,100,0.5
289267.22331753,4636602.5305323,5.82072E-4,100,0.5
289767.22331753,4636102.5305323,5.82072E-4,100,0.5
285767.22331753,4634102.5305323,5.82072E-4,100,0.5
286767.22331753,4634102.5305323,5.82072E-4,100,0.5
285767.22331753,4633602.5305323,5.82072E-4,100,0.5
287267.22331753,4633602.5305323,5.82072E-4,100,0.5
285767.22331753,4633102.5305323,5.82072E-4,100,0.5
279267.22331753,4632602.5305323,5.82072E-4,100,0.5
285767.22331753,4632602.5305323,5.82072E-4,100,0.5
287267.22331753,4632602.5305323,5.82072E-4,100,0.5
287767.22331753,4632602.5305323,5.82072E-4,100,0.5
279267.22331753,4632102.5305323,5.82072E-4,100,0.5
279267.22331753,4631602.5305323,5.82072E-4,100,0.5
279767.22331753,4631602.5305323,5.82072E-4,100,0.5
285267.22331753,4631602.5305323,5.82072E-4,100,0.5
279267.22331753,4631102.5305323,5.82072E-4,100,0.5
279767.22331753,4631102.5305323,5.82072E-4,100,0.5
280267.22331753,4631102.5305323,5.82072E-4,100,0.5
281767.22331753,4631102.5305323,5.82072E-4,100,0.5
285267.22331753,4631102.5305323,5.82072E-4,100,0.5
277767.22331753,4630602.5305323,5.82072E-4,100,0.5
278267.22331753,4630602.5305323,5.82072E-4,100,0.5
278767.22331753,4630602.5305323,5.82072E-4,100,0.5
279267.22331753,4630602.5305323,5.82072E-4,100,0.5
282267.22331753,4630602.5305323,5.82072E-4,100,0.5
282767.22331753,4630602.5305323,5.82072E-4,100,0.5
283267.22331753,4630602.5305323,5.82072E-4,100,0.5
284267.22331753,4630602.5305323,5.82072E-4,100,0.5
284767.22331753,4630602.5305323,5.82072E-4,100,0.5
275267.22331753,4630102.5305323,5.82072E-4,100,0.5
278767.22331753,4630102.5305323,5.82072E-4,100,0.5
283767.22331753,4630102.5305323,5.82072E-4,100,0.5
284267.22331753,4630102.5305323,5.82072E-4,100,0.5
274267.22331753,4629602.5305323,5.82072E-4,100,0.5
283767.22331753,4629602.5305323,5.82072E-4,100,0.5
284267.22331753,4629602.5305323,5.82072E-4,100,0.5
284267.22331753,4629102.5305323,5.82072E-4,100,0.5
284767.22331753,4629102.5305323,5.82072E-4,100,0.5
273767.22331753,4628602.5305323,5.82072E-4,100,0.5
284767.22331753,4628602.5305323,5.82072E-4,100,0.5
285267.22331753,4628602.5305323,5.82072E-4,100,0.5
270267.22331753,4628102.5305323,5.82072E-4,100,0.5
273767.22331753,4628102.5305323,5.82072E-4,100,0.5
273767.22331753,4627602.5305323,5.82072E-4,100,0.5
273767.22331753,4627102.5305323,5.82072E-4,100,0.5
274267.22331753,4626602.5305323,5.82072E-4,100,0.5
273767.22331753,4626102.5305323,5.82072E-4,100,0.5
274267.22331753,4626102.5305323,5.82072E-4,100,0.5
272767.22331753,4625602.5305323,5.82072E-4,100,0.5
273267.22331753,4625602.5305323,5.82072E-4,100,0.5
271267.22331753,4625102.5305323,5.82072E-4,100,0.5
271767.22331753,4625102.5305323,5.82072E-4,100,0.5
272267.22331753,4625102.5305323,5.82072E-4,100,0.5
270267.22331753,4624602.5305323,5.82072E-4,100,0.5
